End Effector								Cube					
Pos:x	Pos:y	Pos:z	Rot:x	Rot:y	Rot:z	Rot:w	Pos:x	Pos:y	Pos:z	Rot:x	Rot:y	Rot:z	Rot:w
0	0.0670618953	0.8718789057	0	1	0	0	0.5	0	0.0375	1	0	0	0
0.0049987039	0.0664299482	0.8717477854	-0.0009043557	0.9980647961	-0.0601890387	-0.0155924526	0.5	2.07310114618026E-19	0.0417051962	1	2.39395697559931E-18	0	0
0.0001556105	0.0663528571	0.8714194173	-0.000332453	0.9974754317	-0.0697925759	-0.0131014842	0.5	4.41238410620345E-19	0.0446352583	1	5.62039540045171E-18	0	0
-0.0064167872	0.066156918	0.8709330718	2.7578724228263E-05	0.9967034349	-0.0805840271	-0.0094062065	0.5	7.01612328505181E-19	0.0460617099	1	9.95170845283276E-18	0	0
-0.0127275549	0.0658525556	0.8702321056	0.0002771997	0.9956894838	-0.0924622238	-0.0072878089	0.5	1.30665142751142E-18	0.0467234725	1	1.84210968548345E-17	0	0
-0.018839526	0.0654719522	0.8693210043	0.0004330861	0.9944642037	-0.1048900072	-0.006232689	0.5	2.40800869724037E-18	0.0470177886	1	3.32930077318703E-17	0	0
-0.0247671154	0.0650334493	0.8681904846	0.0005519052	0.993037715	-0.1176478751	-0.0058965671	0.5	4.16906129053761E-18	0.0471550855	1	4.02649300643989E-17	-2.13533789879287E-20	-4.01042157622897E-20
-0.030704667	0.0645544776	0.8668418801	0.0006684685	0.9914275015	-0.1305359502	-0.0056060852	0.5	6.03508665833076E-18	0.0472211526	1	4.16853563126123E-17	-2.6362927490347E-20	-7.20824352225065E-20
-0.036612834	0.0640119313	0.8652764782	0.0007306461	0.9896395676	-0.1434616124	-0.0056354399	0.5	7.90436833559874E-18	0.0472533666	1	4.14227797648921E-17	-1.93151759869651E-20	-8.67455734224148E-20
-0.0425552488	0.0634440801	0.8634807702	0.0008385549	0.9876697092	-0.1564539885	-0.0054764756	0.5	9.77410388990628E-18	0.0472691675	1	4.06737132081195E-17	-2.45126121002537E-20	-9.2513022186278E-20
-0.0485346453	0.0628027415	0.8614705093	0.0008699058	0.985538398	-0.1693617325	-0.0054692754	0.5	1.16437049589532E-17	0.0472769395	1	4.07088795916318E-17	-2.34781772256134E-20	-9.49295765651684E-20
-0.0545194295	0.0621411905	0.8592206759	0.0009576703	0.9832203272	-0.182342136	-0.0053119235	0.5	1.35130241418859E-17	0.0472807675	1	4.10817139243252E-17	-2.18271934458319E-20	-9.47248547704597E-20
-0.0605655327	0.0614073176	0.8567536499	0.0009724421	0.9807513652	-0.1951897063	-0.0051761477	0.5	1.53828117019413E-17	0.0472826541	1	4.19548583380866E-17	-2.19718357936458E-20	-9.42047437955388E-20
-0.0665976274	0.0606471545	0.8540452279	0.001019757	0.9780929156	-0.2081068951	-0.0049728047	0.5	1.72521750612931E-17	0.0472835843	1	4.14077733894229E-17	-2.30476941012432E-20	-9.38303693876213E-20
-0.0726825522	0.0598259482	0.8511117106	0.001018981	0.9752868996	-0.2208896728	-0.0047093051	0.5	1.91215963858396E-17	0.0472840429	1	4.08692981646034E-17	-1.77452462208528E-20	-9.38864086678415E-20
-0.0787523148	0.0589678086	0.8479400582	0.0010156932	0.9722946977	-0.2337145332	-0.0044165832	0.5	2.09913323125683E-17	0.0472842691	1	4.00375133247666E-17	-1.90239896447732E-20	-9.36159594548536E-20
-0.0848478656	0.058060864	0.8445343801	0.0009874758	0.9691519066	-0.2464289721	-0.0040458064	0.5	2.28606752189309E-17	0.0472843806	1	4.14970450415146E-17	-1.67679421332467E-20	-9.32797059210051E-20
-0.0909325643	0.0571101933	0.8408944504	0.0009320708	0.9658308451	-0.2591460615	-0.003637127	0.5	2.47306794484302E-17	0.0472844356	1	4.09639657040278E-17	-1.71034437427178E-20	-9.1934161086839E-20
-0.0970158439	0.0561166575	0.8370155799	0.0008572528	0.9623533199	-0.2717817713	-0.0031656876	0.5	2.66001326709307E-17	0.0472844628	1	4.19342167336666E-17	-1.67919295960208E-20	-9.26080958546453E-20
-0.099701406	0.0551266006	0.833966819	0.0017386582	0.9589204086	-0.2836359599	-0.0043896702	0.5	2.84697673243777E-17	0.0472844761	1	4.08943395810267E-17	-1.23368960926737E-20	-9.26224171593754E-20
-0.0972237635	0.0541138295	0.8317995914	0.0040787638	0.9553199181	-0.295346154	-0.0108566568	0.5	3.03391904846148E-17	0.0472844827	1	4.0971691801992E-17	-1.01687042119475E-20	-9.30135946575924E-20
-0.0910262545	0.0530421021	0.8299731465	0.0076718719	0.951326492	-0.3073157335	-0.0218194405	0.5	3.2208675105408E-17	0.047284486	1	4.12374622731223E-17	-8.6543992311297E-21	-9.28954028405766E-20
-0.0829524583	0.0518958396	0.8280742879	0.0121911544	0.9468613522	-0.3194879084	-0.0351060083	0.5	3.4078723986243E-17	0.0472844876	1	4.059890486405E-17	-7.70818790125468E-21	-9.40226706975372E-20
-0.0741019498	0.0506777577	0.8259020233	0.0174161791	0.9419185358	-0.3317420501	-0.0493291061	0.5	3.59478965681698E-17	0.0472844884	1	4.01703693069595E-17	-6.91795954013114E-21	-9.4767243588436E-20
-0.0649754522	0.0493963656	0.8233794905	0.0232329727	0.9365096826	-0.3439918697	-0.0638704696	0.5	3.78175302386504E-17	0.0472844888	1	4.11332216657514E-17	-5.72151968428616E-21	-9.50762494695062E-20
-0.0557651324	0.0480584329	0.8204792175	0.0295927852	0.9306406064	-0.3561845117	-0.0785170197	0.5	3.9687090026423E-17	0.047284489	1	4.10830097586738E-17	-4.14390221215129E-21	-9.49967659149671E-20
-0.0465388572	0.0466678017	0.8171884377	0.0364795866	0.9243089955	-0.3682844564	-0.0932130885	0.5	4.15568397615285E-17	0.0472844891	1	4.07217622174029E-17	-8.21396053782564E-21	-9.51518411915512E-20
-0.0373250629	0.045226493	0.8134977476	0.0438917348	0.9175081605	-0.3802628585	-0.1079465125	0.5	4.34263317753473E-17	0.0472844891	1	4.1085506880538E-17	-7.79571667138649E-21	-9.56206117093018E-20
-0.0281439512	0.043735807	0.8093987029	0.0518330726	0.9102303231	-0.39209258	-0.1227090065	0.5	4.52957020752031E-17	0.0472844891	1	4.18584387352236E-17	-1.07262318705488E-20	-9.60344097050067E-20
-0.0190163699	0.0421969311	0.8048838349	0.0603089327	0.9024683514	-0.4037462808	-0.1374869014	0.5	4.71649821139033E-17	0.0472844891	1	4.16267475636403E-17	-9.23178578291367E-21	-9.57083184376174E-20
-0.0099652907	0.0406111902	0.7999470089	0.0693243776	0.8942164717	-0.4151958076	-0.1522612023	0.5	4.90347932398458E-17	0.0472844892	1	4.17028529126415E-17	-1.28012149431086E-20	-9.51574891299749E-20
-0.0010154843	0.0389801223	0.7945836955	0.0788833696	0.8854705285	-0.4264120692	-0.1670092943	0.5	5.0903825095255E-17	0.0472844892	1	4.17596145409431E-17	-1.46120350948574E-20	-9.53345166312752E-20
0.0078069721	0.0373054909	0.788791152	0.0889883177	0.8762281025	-0.4373650853	-0.1817062848	0.5	5.27732575801437E-17	0.0472844892	1	4.13203193610203E-17	-1.80829106399146E-20	-9.46184856490336E-20
0.0164750548	0.035589277	0.7825685635	0.0996397811	0.8664885987	-0.4480241085	-0.196325802	0.5	5.46425165659096E-17	0.0472844892	1	4.21804723531097E-17	-1.61640696699114E-20	-9.39809720822904E-20
0.024961052	0.0338336669	0.7759171643	0.110836249	0.8562533327	-0.4583577866	-0.2108404509	0.5	5.6512212503225E-17	0.0472844892	1	4.13342663201547E-17	-1.64156197318498E-20	-9.39466136964923E-20
0.0332367806	0.0320410389	0.768840347	0.1225739662	0.8455256117	-0.4683343537	-0.2252221036	0.5	5.83823256666401E-17	0.0472844892	1	4.09749352693572E-17	-1.6927249052725E-20	-9.41824119969686E-20
0.0412737986	0.030213948	0.7613437552	0.1348467943	0.8343108038	-0.4779218486	-0.2394421255	0.5	6.02517396274347E-17	0.0472844892	1	4.03376079679548E-17	-1.67089197657904E-20	-9.40566966349427E-20
0.0490436255	0.028355109	0.7534353573	0.1476461024	0.8226163896	-0.4870883516	-0.2534715798	0.5	6.21210734491025E-17	0.0472844892	1	4.07897239209582E-17	-1.54774382014008E-20	-9.37032417444817E-20
0.0565179745	0.0264673769	0.7451254958	0.1609606886	0.8104519927	-0.4958022409	-0.2672814289	0.5	6.39906208156023E-17	0.0472844892	1	4.06703699962646E-17	-1.59544113094567E-20	-9.37611653408706E-20
0.0636689943	0.0245537253	0.7364269127	0.1747767303	0.7978293862	-0.5040324606	-0.2808427383	0.5	6.58599985926967E-17	0.0472844892	1	4.07401309653688E-17	-1.48801195029099E-20	-9.31078197841013E-20
0.0704695176	0.0226172224	0.7273547452	0.1890777672	0.7847624752	-0.5117487985	-0.2941268818	0.5	6.77297215897966E-17	0.0472844892	1	4.1413528146902E-17	-1.45970570132637E-20	-9.25230843349777E-20
0.0768933129	0.0206610057	0.7179264936	0.2038447166	0.7712672524	-0.5189221686	-0.3071057469	0.5	6.95993733167242E-17	0.0472844892	1	3.98898736067443E-17	-1.32294910147997E-20	-9.20793121632421E-20
0.0829153337	0.0186882546	0.7081619591	0.2190559225	0.7573617293	-0.5255248927	-0.3197519365	0.5	7.14691576104277E-17	0.0472844892	1	3.92773972246993E-17	-1.07416316675205E-20	-9.27827730418834E-20
0.0885119639	0.0167021634	0.6980831512	0.2346872394	0.7430658421	-0.5315309771	-0.3320389651	0.5	7.33387101168324E-17	0.0472844892	1	3.97683749198669E-17	-1.83784070311298E-20	-9.23724035148229E-20
0.0936612525	0.0147059124	0.6877141664	0.2507121512	0.7284013336	-0.5369163783	-0.3439414445	0.5	7.5208223478178E-17	0.0472844892	1	4.00627439498298E-17	-1.87072881836045E-20	-9.19891326058407E-20
0.0983431347	0.0127026408	0.6770810381	0.267101923	0.7133916134	-0.5416592531	-0.3554352574	0.5	7.70778326479145E-17	0.0472844892	1	4.02540361463015E-17	-1.99148545694858E-20	-9.19914129131989E-20
0.1025396335	0.0106954184	0.6662115622	0.2838257801	0.6980615985	-0.5457401919	-0.3664977137	0.5	7.89474359530168E-17	0.0472844892	1	3.97473387226876E-17	-2.09492873635655E-20	-9.16499733664508E-20
0.1062350492	0.0086872244	0.6551350937	0.3008511443	0.6824375385	-0.5491424136	-0.3771076831	0.5	8.08171406739215E-17	0.0472844892	1	4.02364067674515E-17	-2.2136598303301E-20	-9.23089680161713E-20
0.1094161148	0.0066809197	0.6438823169	0.3181438452	0.6665468248	-0.5518519269	-0.3872457552	0.5	8.2686854098494E-17	0.0472844892	1	3.98119282268774E-17	-2.23269823734299E-20	-9.19877060562497E-20
0.1120721108	0.0046792223	0.6324850348	0.3356683839	0.6504177871	-0.5538577319	-0.3968942569	0.5	8.45565327787814E-17	0.0472844892	1	3.96056721443016E-17	-2.32850216184947E-20	-9.23955409840635E-20
0.1141949961	0.0026846997	0.620975879	0.353388243	0.634079498	-0.5551518383	-0.4060374076	0.5	8.64261719690464E-17	0.0472844892	1	3.95991558479863E-17	-2.47293895981486E-20	-9.26163500128106E-20
0.1157794598	0.0006997438	0.6093880717	0.3712661666	0.6175615483	-0.5557294023	-0.4146613064	0.5	8.82957498250831E-17	0.0472844892	1	3.99914528647696E-17	-2.55415098534477E-20	-9.22499688589541E-20
0.1168229598	-0.0012734389	0.597755145	0.3892644271	0.6008938581	-0.5555887153	-0.4227540142	0.5	9.0165351870235E-17	0.0472844892	1	3.97869464576415E-17	-2.65982247954908E-20	-9.18771767369909E-20
0.1173257487	-0.0032328318	0.5861106632	0.4073452115	0.5841064466	-0.5547311999	-0.430305512	0.5	9.20349863837625E-17	0.0472844892	1	3.96826290599461E-17	-2.80802665154183E-20	-9.18512903020136E-20
0.1172906601	-0.0051575196	0.5744884212	0.4254068372	0.5673017275	-0.5530867867	-0.4373702999	0.5	9.39045491019271E-17	0.0472844892	1	3.94653106608656E-17	-2.71887982129705E-20	-9.22257779506037E-20
0.1167206603	-0.0061827787	0.5629261864	0.4404754644	0.5537561046	-0.5474010737	-0.4468641924	0.5	9.57739190671448E-17	0.0472844892	1	3.95337709319942E-17	-4.14669289025305E-20	-9.04092462467471E-20
0.115635219	-0.0066454217	0.5514212567	0.4539917026	0.5420756135	-0.5392716745	-0.4574184346	0.5	9.76431509852547E-17	0.0472844892	1	3.94220591554687E-17	-5.11763219923459E-20	-8.78837358976999E-20
0.114042074	-0.0068444947	0.5399896163	0.4665815924	0.5311397763	-0.5298825088	-0.4684193447	0.5	9.95128081429931E-17	0.0472844892	1	3.97114174730672E-17	-5.19940928467447E-20	-8.78278303999637E-20
0.1119474123	-0.006929432	0.5286588666	0.4785492342	0.5204046865	-0.5198150732	-0.4795434104	0.5	1.0138248477073E-16	0.0472844892	1	3.97007314636906E-17	-5.47804750413525E-20	-8.89693418730499E-20
0.1093600365	-0.006965962	0.5174582876	0.4900544429	0.5096362491	-0.5093352842	-0.4906068741	0.5	1.03252144106545E-16	0.0472844892	1	4.00947810622295E-17	-5.54184012271115E-20	-8.93360811217526E-20
0.106685694	-0.006982722	0.5076705853	0.4999440664	0.4999774005	-0.4998023208	-0.5002760933	0.5	1.05121635353245E-16	0.0472844892	1	3.97915175787419E-17	-5.59088913716586E-20	-8.86678956782818E-20
0.1050242383	-0.0069922031	0.5021531891	0.5054879351	0.4943874967	-0.4942699307	-0.5057273832	0.5	1.06990949339967E-16	0.0472844892	1	3.98870775784297E-17	-5.74654302800811E-20	-8.64212258777066E-20
0.1042657208	-0.0069961541	0.4998735493	0.5077577217	0.4920708283	-0.491980232	-0.5079407911	0.5	1.08860521217061E-16	0.0472844892	1	3.99821834263329E-17	-5.66875290559017E-20	-8.64910617439629E-20
0.1039733121	-0.0069973723	0.499095203	0.5085213799	0.4912949365	-0.4912166914	-0.5086663481	0.5	1.1073014875296E-16	0.0472844892	1	3.99779262611657E-17	-5.90911448232879E-20	-8.64627715451455E-20
0.1038710338	-0.0069975089	0.4988736471	0.5087314856	0.4910866811	-0.4910132283	-0.5088537676	0.5	1.12599723190278E-16	0.0472844892	1	3.97711605747407E-17	-5.94509322741861E-20	-8.62785791317694E-20
0.103837069	-0.0069973833	0.4988250196	0.5087741869	0.4910488218	-0.490977508	-0.5088820767	0.5	1.14469369957623E-16	0.0472844892	1	3.99638445178577E-17	-6.01989540072807E-20	-8.55345762227613E-20
0.1038254473	-0.006997335	0.4988204372	0.5087747418	0.491051001	-0.490980715	-0.5088763249	0.5	1.16338874771683E-16	0.0472844892	1	4.01535188144708E-17	-6.10441735431225E-20	-8.55620864315493E-20
0.1038213006	-0.0069972213	0.4988226352	0.5087713361	0.4910566851	-0.4909866774	-0.508868492	0.5	1.18208554105198E-16	0.0472844892	1	3.99409198078873E-17	-6.23952657207188E-20	-8.53840832386076E-20
0.10381948	-0.0069972563	0.4988249783	0.5087678787	0.4910607386	-0.490991226	-0.5088636484	0.5	1.20078081320735E-16	0.0472844892	1	3.97300817560369E-17	-6.40713050725583E-20	-8.44168016623166E-20
0.1038186552	-0.0069971969	0.4988257558	0.5087668586	0.491062394	-0.4909927519	-0.5088615985	0.5	1.21947604164226E-16	0.0472844892	1	4.00202769186964E-17	-6.40279683595111E-20	-8.43207975302616E-20
0.1038182642	-0.0069972265	0.4988262598	0.5087662747	0.4910631684	-0.4909938264	-0.5088603982	0.5	1.23817042572469E-16	0.0472844892	1	4.01084953677088E-17	-6.53554071150219E-20	-8.35358163877496E-20
0.1038179976	-0.0069972133	0.4988263521	0.5087658688	0.4910635424	-0.4909940768	-0.5088602015	0.5	1.25686592620671E-16	0.0472844892	1	4.02019796978729E-17	-6.56251330380995E-20	-8.39977297901637E-20
0.1038179606	-0.0069972052	0.4988263193	0.5087662171	0.4910634815	-0.4909941101	-0.5088598799	0.5	1.27556197988685E-16	0.0472844892	1	3.97922723177742E-17	-6.6113040968502E-20	-8.39148757546383E-20
0.1038178362	-0.00699723	0.498826461	0.5087656821	0.4910637385	-0.4909943922	-0.5088598946	0.5	1.29425781364863E-16	0.0472844892	1	3.97865490047995E-17	-6.69386891091979E-20	-8.39276856737215E-20
0.1038178721	-0.0069971948	0.4988262853	0.5087661981	0.4910635342	-0.4909941012	-0.5088598566	0.5	1.31295411551075E-16	0.0472844892	1	3.96812777661186E-17	-6.87725866341628E-20	-8.43260481026167E-20
0.1038178178	-0.0069972336	0.498826467	0.5087657558	0.4910637294	-0.4909944435	-0.5088597801	0.5	1.33165233005082E-16	0.0472844892	1	3.96707247011218E-17	-8.15524729316619E-20	-8.55010273275144E-20
0.1038178298	-0.0069971983	0.4988263094	0.5087660493	0.4910636047	-0.4909941532	-0.5088598871	0.5	1.35034994475491E-16	0.0472844892	1	3.96581368318263E-17	-8.96367789106411E-20	-8.68697571431681E-20
0.1038178337	-0.0069972247	0.4988264181	0.5087659336	0.4910636592	-0.4909943672	-0.5088597437	0.5	1.36904661027412E-16	0.0472844892	1	3.9348038282075E-17	-8.7981243842416E-20	-8.77788313443678E-20
0.1038178052	-0.0069972106	0.4988263704	0.5087658711	0.4910636822	-0.4909942654	-0.5088598823	0.5	1.38774280826446E-16	0.0472844892	1	4.02328940542315E-17	-8.75106741399705E-20	-8.74789333593373E-20
0.1038178454	-0.0069972115	0.4988263558	0.5087660805	0.4910635973	-0.490994255	-0.5088597649	0.5	1.4064398929638E-16	0.0472844892	1	3.96217324629494E-17	-8.89212306123973E-20	-8.73230431908862E-20
0.103817799	-0.0069972226	0.4988264231	0.5087657757	0.4910637243	-0.4909943652	-0.5088598408	0.5	1.42513436771398E-16	0.0472844892	1	3.97148635846473E-17	-9.02659051148173E-20	-8.64196373348745E-20
0.1038178419	-0.0069972027	0.4988263204	0.5087661139	0.491063582	-0.490994186	-0.5088598129	0.5	1.44383039384728E-16	0.0472844892	1	4.02100203892099E-17	-8.84050934878057E-20	-8.66992915230101E-20
0.1038178087	-0.006997227	0.4988264373	0.5087658027	0.4910637144	-0.4909943968	-0.5088597928	0.5	1.46252712395604E-16	0.0472844892	1	3.97030875019847E-17	-8.90797914161081E-20	-8.6696705689326E-20
0.1038178275	-0.0069972029	0.4988263274	0.5087660378	0.4910636131	-0.4909941935	-0.5088598516	0.5	1.48122273162483E-16	0.0472844892	1	3.97966328277668E-17	-8.92462179477482E-20	-8.61606535842187E-20
0.1038178246	-0.0069972228	0.4988264127	0.5087659095	0.4910636699	-0.4909943562	-0.5088597682	0.5	1.49991854243333E-16	0.0472844892	1	3.99928538377113E-17	-8.95786421991011E-20	-8.53224072236355E-20
0.1038178129	-0.0069972099	0.4988263634	0.5087659217	0.4910636621	-0.4909942568	-0.5088598595	0.5	1.5186163204834E-16	0.0472844892	1	3.98876414875336E-17	-8.985150875639E-20	-8.52062374074583E-20
0.1038178355	-0.0069972144	0.4988263725	0.5087660144	0.4910636252	-0.4909942835	-0.5088597765	0.5	1.53731239247104E-16	0.0472844892	1	3.99838131224144E-17	-8.94713324168334E-20	-8.51346525389716E-20
0.103817807	-0.0069972181	0.4988264006	0.5087658442	0.4910636955	-0.4909943257	-0.5088598382	0.5	1.55600908491105E-16	0.0472844892	1	3.92644319076019E-17	-8.9499268487016E-20	-8.46193233667929E-20
0.103817836	-0.0069972078	0.4988263443	0.5087660546	0.4910636074	-0.4909942295	-0.5088598057	0.5	1.57470566799848E-16	0.0472844892	1	3.9249345097683E-17	-8.72814915169037E-20	-8.24398796095886E-20
0.1038178114	-0.0069972223	0.4988264162	0.5087658438	0.4910636966	-0.4909943575	-0.5088598069	0.5	1.59340281104944E-16	0.0472844892	1	3.95437602229417E-17	-8.6995923724593E-20	-8.10601195143216E-20
0.1038178279	-0.0069972065	0.4988263425	0.5087660196	0.4910636213	-0.4909942228	-0.5088598336	0.5	1.61209930665021E-16	0.0472844892	1	3.99315411728385E-17	-8.69370984433206E-20	-8.12476374760569E-20
0.1038178213	-0.0069972207	0.4988264054	0.5087659042	0.4910636716	-0.4909943409	-0.5088597866	0.5	1.63079498988557E-16	0.0472844892	1	3.98263367096001E-17	-8.62164482322458E-20	-8.20384948211824E-20
0.1038178181	-0.0069972103	0.4988263626	0.5087659467	0.4910636519	-0.4909942572	-0.5088598437	0.5	1.64949215573207E-16	0.0472844892	1	3.96176446428858E-17	-8.66776091805347E-20	-8.19154153355276E-20
0.1038178295	-0.0069972157	0.4988263804	0.508765976	0.4910636412	-0.4909942963	-0.5088597872	0.5	1.66818646489897E-16	0.0472844892	1	3.99977006802035E-17	-8.8687185968396E-20	-8.14514794342677E-20
0.1038178127	-0.0069972157	0.4988263877	0.5087658881	0.491063677	-0.4909943033	-0.5088598337	0.5	1.68688260383859E-16	0.0472844892	1	4.0286433677101E-17	-8.99268239640994E-20	-8.08838779521882E-20
0.1038178315	-0.0069972109	0.4988263594	0.5087660132	0.4910636249	-0.4909942567	-0.5088598038	0.5	1.70557882245872E-16	0.0472844892	1	3.95818517351325E-17	-9.01084637684759E-20	-8.04097722988176E-20
0.1038178141	-0.0069972191	0.4988264016	0.508765876	0.4910636827	-0.4909943306	-0.5088598139	0.5	1.72427385361981E-16	0.0472844892	1	3.96702281731792E-17	-8.96257946274248E-20	-8.02865873634785E-20
0.1038178273	-0.0069972092	0.4988263541	0.508766001	0.4910636296	-0.4909942448	-0.5088598231	0.5	1.74296984758357E-16	0.0472844892	1	3.99594199230065E-17	-9.01246580692116E-20	-7.97288272872179E-20
0.10381782	-0.0069972189	0.4988263983	0.5087659078	0.4910636697	-0.4909943267	-0.5088597984	0.5	1.7616666697173E-16	0.0472844892	1	3.97485534903309E-17	-8.91038084898392E-20	-7.89771958493218E-20
0.1038178209	-0.006997211	0.4988263644	0.5087659572	0.4910636478	-0.490994262	-0.5088598327	0.5	1.78036168926116E-16	0.0472844892	1	4.0041411129587E-17	-8.72471035080517E-20	-7.81722793658818E-20
0.1038178259	-0.006997216	0.4988263835	0.5087659549	0.4910636499	-0.4909943007	-0.5088597956	0.5	1.79905875385111E-16	0.0472844892	1	3.99351378806828E-17	-8.72118382412383E-20	-7.71668974805592E-20
0.1038178165	-0.0069972144	0.4988263808	0.5087659151	0.4910636658	-0.4909942915	-0.5088598289	0.5	1.81775424818696E-16	0.0472844892	1	3.96285182207976E-17	-8.77286700993432E-20	-7.5983804312555E-20
0.1038178282	-0.0069972127	0.4988263686	0.5087659855	0.4910636366	-0.490994273	-0.5088598045	0.5	1.83644875187571E-16	0.0472844892	1	3.94157851985369E-17	-8.8489405745115E-20	-7.54215543104159E-20
0.1038178164	-0.0069972171	0.498826392	0.5087658997	0.4910636726	-0.490994313	-0.508859817	0.5	1.85514338390707E-16	0.0472844892	1	3.97977922447356E-17	-8.94383350947417E-20	-7.44217450971074E-20
0.1038178263	-0.0069972111	0.4988263626	0.5087659848	0.4910636366	-0.4909942606	-0.5088598172	0.5	1.87383703528457E-16	0.0472844892	1	3.98925127273412E-17	-8.94493367999428E-20	-7.30102396036601E-20
0.1038178198	-0.0069972175	0.4988263923	0.5087659146	0.4910636666	-0.4909943151	-0.5088598058	0.5	1.8925347263386E-16	0.0472844892	1	3.94843409273273E-17	-8.98593027234833E-20	-7.33621094208636E-20
0.1038178222	-0.0069972118	0.4988263672	0.5087659598	0.4910636469	-0.4909942679	-0.5088598252	0.5	1.91123124567517E-16	0.0472844892	1	3.99760364927872E-17	-8.83251084913759E-20	-7.2573704227075E-20
0.1038178238	-0.0069972159	0.498826384	0.5087659443	0.4910636542	-0.4909943008	-0.5088598019	0.5	1.92992751906382E-16	0.0472844892	1	3.99624204544654E-17	-8.82443355202441E-20	-7.2457577191358E-20
0.1038178189	-0.0069972139	0.4988263774	0.5087659309	0.4910636592	-0.4909942861	-0.5088598247	0.5	1.9486238175859E-16	0.0472844892	1	4.00541731154869E-17	-9.00490439115425E-20	-7.22275656026586E-20
0.1038178259	-0.0069972138	0.4988263739	0.5087659677	0.4910636441	-0.4909942822	-0.5088598062	0.5	1.96731868385158E-16	0.0472844892	1	3.98458356135591E-17	-8.9481894480834E-20	-7.15408410216745E-20
0.1038178182	-0.0069972158	0.4988263858	0.5087659163	0.4910636655	-0.4909943019	-0.5088598179	0.5	1.98601486801675E-16	0.0472844892	1	3.98358991595995E-17	-8.94754906330344E-20	-7.11122919746784E-20
0.1038178252	-0.0069972124	0.4988263684	0.508765972	0.4910636421	-0.4909942715	-0.5088598142	0.5	2.00471122368302E-16	0.0472844892	1	3.94309266296209E-17	-9.00919328557339E-20	-7.07682990198649E-20
0.10381782	-0.0069972164	0.4988263877	0.5087659218	0.4910636634	-0.4909943063	-0.5088598101	0.5	2.0234062897437E-16	0.0472844892	1	3.96136742101254E-17	-8.97133412818915E-20	-6.99554305419742E-20
0.1038178228	-0.0069972125	0.49882637	0.5087659587	0.4910636475	-0.4909942734	-0.5088598204	0.5	2.04210193143539E-16	0.0472844892	1	4.01024080563748E-17	-8.98165156657668E-20	-6.92804052195568E-20
0.1038178226	-0.0069972157	0.4988263834	0.5087659398	0.4910636559	-0.4909942991	-0.5088598064	0.5	2.06079658836219E-16	0.0472844892	1	4.03873608963484E-17	-9.01890272184353E-20	-6.8590444879289E-20
0.1038178204	-0.0069972137	0.498826376	0.5087659396	0.4910636556	-0.4909942841	-0.5088598214	0.5	2.07949256678692E-16	0.0472844892	1	3.94700255046365E-17	-8.98901627455735E-20	-6.76190332403728E-20
0.1038178243	-0.0069972143	0.4988263768	0.5087659567	0.4910636488	-0.4909942871	-0.508859808	0.5	2.09818869124781E-16	0.0472844892	1	3.94502751968483E-17	-8.90751442504491E-20	-6.88019041127429E-20
0.1038178196	-0.006997215	0.498826382	0.5087659275	0.4910636608	-0.4909942952	-0.5088598177	0.5	2.11688534964851E-16	0.0472844892	1	3.98398693844157E-17	-8.66737988989158E-20	-6.87832434577912E-20
0.1038178243	-0.0069972132	0.4988263723	0.5087659625	0.4910636461	-0.4909942786	-0.5088598129	0.5	2.13558035985327E-16	0.0472844892	1	4.02314735365194E-17	-8.77979725384784E-20	-6.77235015801148E-20
0.1038178204	-0.0069972157	0.4988263843	0.5087659282	0.4910636607	-0.4909943	-0.5088598125	0.5	2.15427479791233E-16	0.0472844892	1	3.9527033698549E-17	-8.57548380380872E-20	-6.63045373115251E-20
0.1038178229	-0.0069972131	0.4988263723	0.5087659562	0.4910636487	-0.490994278	-0.5088598174	0.5	2.17296710337086E-16	0.0472844892	1	3.98110485548466E-17	-8.26173247966515E-20	-6.54225014096219E-20
0.103817822	-0.0069972154	0.4988263824	0.5087659385	0.4910636564	-0.4909942969	-0.5088598094	0.5	2.19166251100663E-16	0.0472844892	1	4.00922443811272E-17	-8.31282091115931E-20	-6.52095287337283E-20
0.1038178213	-0.0069972137	0.4988263758	0.5087659441	0.4910636538	-0.4909942839	-0.5088598189	0.5	2.21035723015042E-16	0.0472844892	1	4.01755483246241E-17	-9.04894574281723E-20	-6.38517713105084E-20
0.1038178233	-0.0069972145	0.4988263782	0.5087659502	0.4910636515	-0.4909942894	-0.5088598097	0.5	2.22905109982221E-16	0.0472844892	1	3.94612617241302E-17	-7.54032636070027E-20	-6.48254802637132E-20
0.1038178205	-0.0069972146	0.4988263798	0.5087659348	0.4910636578	-0.4909942914	-0.5088598171	0.5	2.24774723776591E-16	0.0472844892	1	3.99556756936299E-17	-7.6105596494503E-20	-6.45572882873133E-20
0.1038178236	-0.0069972137	0.4988263749	0.5087659558	0.491063649	-0.4909942831	-0.5088598125	0.5	2.26644273965335E-16	0.0472844892	1	4.00414721627086E-17	-7.59227772615592E-20	-6.39500311507589E-20
0.1038178208	-0.0069972151	0.498826382	0.5087659333	0.4910636585	-0.4909942956	-0.5088598138	0.5	2.2851393859007E-16	0.0472844892	1	3.99349940092558E-17	-7.6194533652366E-20	-6.35117555850554E-20
0.1038178229	-0.0069972135	0.4988263742	0.5087659534	0.4910636499	-0.4909942815	-0.5088598156	0.5	2.30383551212684E-16	0.0472844892	1	4.01316931657823E-17	-7.84799073952164E-20	-6.22758974983992E-20
0.1038178218	-0.0069972151	0.4988263813	0.5087659388	0.4910636562	-0.4909942947	-0.5088598113	0.5	2.32253114369139E-16	0.0472844892	1	3.97249384871931E-17	-8.14524234076569E-20	-6.20068727304201E-20
0.1038178218	-0.0069972138	0.498826376	0.508765946	0.491063653	-0.4909942845	-0.5088598171	0.5	2.34122772615958E-16	0.0472844892	1	4.01190878204949E-17	-8.36675642243607E-20	-6.22587582712711E-20
0.1038178227	-0.0069972146	0.4988263788	0.5087659465	0.491063653	-0.4909942903	-0.508859811	0.5	2.35992283441235E-16	0.0472844892	1	4.01119336605827E-17	-8.53494531080202E-20	-6.16649351235361E-20
0.1038178211	-0.0069972144	0.4988263786	0.5087659393	0.4910636559	-0.4909942894	-0.5088598164	0.5	2.3786178530244E-16	0.0472844892	1	3.94982700527102E-17	-8.7152371185842E-20	-6.09013056081263E-20
0.103817823	-0.0069972141	0.4988263764	0.5087659513	0.4910636509	-0.4909942858	-0.5088598125	0.5	2.39731057389464E-16	0.0472844892	1	4.00815127160466E-17	-8.91843066483377E-20	-5.82307056178052E-20
0.1038178211	-0.0069972148	0.4988263804	0.5087659371	0.4910636569	-0.4909942928	-0.5088598144	0.5	2.41600695014175E-16	0.0472844892	1	3.9571026130602E-17	-8.96887007313923E-20	-5.7563609142471E-20
0.1038178227	-0.0069972138	0.4988263755	0.5087659509	0.491063651	-0.490994284	-0.5088598146	0.5	2.43470205452117E-16	0.0472844892	1	3.98602358603234E-17	-8.995899097738E-20	-5.73342740220813E-20
0.1038178217	-0.0069972149	0.4988263804	0.5087659398	0.4910636558	-0.4909942929	-0.5088598126	0.5	2.45339743191625E-16	0.0472844892	1	3.95540726200011E-17	-9.01140645513425E-20	-5.68935825987832E-20
0.103817822	-0.0069972139	0.4988263764	0.5087659466	0.4910636528	-0.4909942854	-0.5088598159	0.5	2.4720944438363E-16	0.0472844892	1	3.9646231881748E-17	-8.79442199288214E-20	-5.62545009180497E-20
0.1038178224	-0.0069972146	0.4988263789	0.5087659447	0.4910636537	-0.4909942905	-0.508859812	0.5	2.49079003339703E-16	0.0472844892	1	3.98360961901345E-17	-8.8736460515107E-20	-5.537807209597E-20
0.1038178215	-0.0069972143	0.498826378	0.508765942	0.4910636548	-0.4909942884	-0.5088598157	0.5	2.50948615126799E-16	0.0472844892	1	3.96318262062241E-17	-8.82915697206463E-20	-5.3898349994182E-20
0.1038178227	-0.0069972142	0.4988263773	0.5087659484	0.4910636521	-0.4909942874	-0.5088598128	0.5	2.52818172012507E-16	0.0472844892	1	3.99288763262926E-17	-8.84881968446056E-20	-5.32527740532256E-20
0.1038178214	-0.0069972146	0.4988263794	0.5087659397	0.4910636557	-0.4909942909	-0.5088598145	0.5	2.54687647379807E-16	0.0472844892	1	3.98209073123995E-17	-8.90871259169684E-20	-5.14788225010676E-20
0.1038178225	-0.006997214	0.4988263765	0.5087659489	0.4910636519	-0.4909942858	-0.5088598141	0.5	2.56557272226732E-16	0.0472844892	1	4.00065135093302E-17	-8.9158036689684E-20	-5.1191357135466E-20
0.1038178217	-0.0069972147	0.4988263796	0.5087659408	0.4910636553	-0.4909942915	-0.5088598133	0.5	2.58426798571621E-16	0.0472844892	1	3.99988199060626E-17	-8.95420804374649E-20	-5.08138938999373E-20
0.1038178221	-0.006997214	0.4988263768	0.5087659466	0.4910636528	-0.4909942862	-0.5088598151	0.5	2.60296483237659E-16	0.0472844892	1	3.96862874919714E-17	-8.91957353156946E-20	-5.00990903547445E-20
0.1038178222	-0.0069972145	0.4988263789	0.5087659438	0.4910636541	-0.4909942903	-0.5088598127	0.5	2.62166145446536E-16	0.0472844892	1	3.99805214187429E-17	-9.03379634418872E-20	-4.99257101928027E-20
0.1038178218	-0.0069972143	0.4988263778	0.5087659435	0.4910636541	-0.490994288	-0.5088598152	0.5	2.64035668722134E-16	0.0472844892	1	3.97759299274356E-17	-8.85222005629622E-20	-5.11110829529763E-20
0.1038178224	-0.0069972143	0.4988263778	0.5087659465	0.4910636529	-0.4909942883	-0.508859813	0.5	2.65905155893933E-16	0.0472844892	1	3.99640800212403E-17	-8.7410910849506E-20	-5.14969373278341E-20
0.1038178216	-0.0069972145	0.4988263788	0.5087659416	0.491063655	-0.4909942898	-0.5088598145	0.5	2.67774726419794E-16	0.0472844892	1	3.99592724839825E-17	-8.8291606510582E-20	-5.13456962545899E-20
0.1038178224	-0.0069972142	0.4988263771	0.5087659474	0.4910636525	-0.4909942869	-0.5088598139	0.5	2.69644344085258E-16	0.0472844892	1	3.99505078436742E-17	-8.95614422033369E-20	-5.1294922972667E-20
0.1038178218	-0.0069972146	0.4988263791	0.5087659418	0.4910636549	-0.4909942905	-0.5088598137	0.5	2.71513890363701E-16	0.0472844892	1	3.99344053683423E-17	-8.26274471294473E-20	-5.08564682087177E-20
0.1038178222	-0.0069972141	0.4988263771	0.5087659462	0.491063653	-0.4909942869	-0.5088598146	0.5	2.73383399527667E-16	0.0472844892	1	4.05268804908815E-17	-9.03896652777856E-20	-5.18769931500841E-20
0.1038178221	-0.0069972145	0.4988263787	0.5087659436	0.4910636542	-0.4909942899	-0.5088598132	0.5	2.75252910225597E-16	0.0472844892	1	3.95106240282188E-17	-8.45251247050698E-20	-5.02162872707659E-20
0.1038178219	-0.0069972142	0.4988263777	0.5087659442	0.4910636538	-0.4909942879	-0.5088598148	0.5	2.77122451530367E-16	0.0472844892	1	4.00987174282982E-17	-8.51416693842597E-20	-5.01564969683248E-20
0.1038178223	-0.0069972144	0.498826378	0.5087659454	0.4910636534	-0.4909942887	-0.5088598133	0.5	2.78992044329601E-16	0.0472844892	1	4.02849296746451E-17	-8.51313350144506E-20	-5.01262418845979E-20
0.1038178218	-0.0069972144	0.4988263784	0.5087659428	0.4910636545	-0.4909942892	-0.5088598145	0.5	2.80861792146637E-16	0.0472844892	1	4.01733299177747E-17	-8.75874203711673E-20	-5.0573554599082E-20
0.1038178223	-0.0069972142	0.4988263775	0.5087659463	0.491063653	-0.4909942877	-0.5088598138	0.5	2.82731335365466E-16	0.0472844892	1	3.98695088255413E-17	-8.95094714580775E-20	-5.03730832308864E-20
0.1038178218	-0.0069972145	0.4988263787	0.5087659426	0.4910636545	-0.4909942898	-0.5088598139	0.5	2.8460105931263E-16	0.0472844892	1	3.93578973683069E-17	-8.85948822608792E-20	-5.08074376996387E-20
0.1038178222	-0.0069972142	0.4988263774	0.5087659458	0.4910636532	-0.4909942875	-0.5088598143	0.5	2.86470767035825E-16	0.0472844892	1	3.97428117985294E-17	-8.84814690617932E-20	-5.06631703798437E-20
0.103817822	-0.0069972145	0.4988263786	0.5087659436	0.4910636541	-0.4909942896	-0.5088598135	0.5	2.88340380488739E-16	0.0472844892	1	4.02276080022143E-17	-8.8614628051977E-20	-5.08448141262133E-20
0.103817822	-0.0069972143	0.4988263777	0.5087659446	0.4910636537	-0.490994288	-0.5088598145	0.5	2.90209966789988E-16	0.0472844892	1	3.98217670420137E-17	-9.00456264945637E-20	-5.0312730132264E-20
0.1038178222	-0.0069972144	0.4988263782	0.5087659448	0.4910636536	-0.4909942889	-0.5088598135	0.5	2.92079406662385E-16	0.0472844892	1	4.02159809474002E-17	-8.96642226459586E-20	-4.99872882651488E-20
0.1087864965	-0.007005603	0.4983234465	0.5127520597	0.4868575214	-0.4868292663	-0.5128862882	0.5	2.93949175471537E-16	0.0472844892	1	4.04946606132802E-17	-8.80243799656671E-20	-4.90804511535793E-20
0.1140939957	-0.0070022261	0.497568622	0.5170711077	0.4822883889	-0.4822458186	-0.5171792242	0.5	2.95818810985787E-16	0.0472844892	1	3.98807458732524E-17	-8.22979529691458E-20	-4.76923202891472E-20
0.1194520917	-0.0069999313	0.496661128	0.5213487054	0.4776659549	-0.4776104565	-0.5214585455	0.5	2.97688450870214E-16	0.0472844892	1	3.97768533099195E-17	-8.27438728090371E-20	-4.77298078140976E-20
0.1248623237	-0.0069978576	0.4955911105	0.5256172401	0.4729770249	-0.4729146332	-0.5257099967	0.5	2.99558163316151E-16	0.0472844892	1	3.98730629397959E-17	-8.40882451987864E-20	-4.85618200046464E-20
0.1303183288	-0.0069980995	0.4943668617	0.5298382535	0.4682388145	-0.4681771624	-0.5299377155	0.5	3.01427643218245E-16	0.0472844892	1	3.986555426552E-17	-8.72751682143757E-20	-4.84387352529439E-20
0.1358190003	-0.0069969526	0.4929725963	0.5340446141	0.4634402059	-0.4633750842	-0.5341376761	0.5	3.03297208419715E-16	0.0472844892	1	3.96555753943916E-17	-8.80913901019326E-20	-4.81694217704313E-20
0.1413605779	-0.0069975277	0.4914168776	0.5382107694	0.4585925884	-0.4585310722	-0.5383040603	0.5	3.05166880517895E-16	0.0472844892	1	3.95460585433811E-17	-8.98733671208758E-20	-4.82831941954234E-20
0.1469386365	-0.0069969883	0.4896878235	0.5423470031	0.4536920681	-0.4536285348	-0.5424429813	0.5	3.07036480895404E-16	0.0472844892	1	3.99398097652628E-17	-8.9979842790603E-20	-4.82013228097985E-20
0.1525515565	-0.0069970869	0.4877869322	0.5464528897	0.4487401936	-0.448679139	-0.5465423206	0.5	3.08906137172304E-16	0.0472844892	1	3.99325896149432E-17	-8.9816381857504E-20	-4.82105668910017E-20
0.1581930786	-0.0069971956	0.4857109736	0.55051455	0.443742554	-0.4436816529	-0.5506113573	0.5	3.10775762022084E-16	0.0472844892	1	3.95116691595827E-17	-9.01090781323078E-20	-4.85257105769556E-20
0.1638615841	-0.0069967526	0.4834528747	0.5545503289	0.4386928039	-0.438632305	-0.5546388533	0.5	3.1264527893178E-16	0.0472844892	1	3.96954149248476E-17	-8.95900178055895E-20	-4.84272441330488E-20
0.1695511758	-0.0069972744	0.4810164766	0.5585354517	0.4336019161	-0.4335434686	-0.5586300998	0.5	3.14514805947638E-16	0.0472844892	1	4.00820316276287E-17	-8.99638978483974E-20	-4.84329398948451E-20
0.1752583456	-0.0069966244	0.4783903334	0.562490445	0.4284616408	-0.4284023204	-0.5625802819	0.5	3.16384212357103E-16	0.0472844892	1	4.05558960533389E-17	-8.4125660877381E-20	-4.86448982226522E-20
0.1809786924	-0.0069971359	0.4755796565	0.5663965227	0.4232818319	-0.4232251557	-0.5664873675	0.5	3.18253948013559E-16	0.0472844892	1	3.93329333048449E-17	-8.50313544369699E-20	-4.87521965766177E-20
0.1867064933	-0.0069966857	0.4725748285	0.5702622765	0.4180583561	-0.4180009617	-0.5703536998	0.5	3.20123566461113E-16	0.0472844892	1	3.94266395754326E-17	-8.53728712754102E-20	-4.92053160431082E-20
0.1924382877	-0.0069968544	0.4693770089	0.5740842268	0.4127953477	-0.4127398771	-0.5741716602	0.5	3.2199314454116E-16	0.0472844892	1	4.00208841770447E-17	-8.54339239020928E-20	-4.92066773020803E-20
0.1981672709	-0.0069968087	0.4659823439	0.5778555972	0.4074953789	-0.4074402982	-0.5779470809	0.5	3.23862756890202E-16	0.0472844892	1	3.97116355471435E-17	-8.61467024199845E-20	-4.92687224476708E-20
0.2038894269	-0.0069965761	0.4623862086	0.5815859215	0.4021564946	-0.4021021367	-0.5816715924	0.5	3.2573240018058E-16	0.0472844892	1	4.02042105715011E-17	-8.66344735653862E-20	-4.91059120531601E-20
0.2095982955	-0.0069968509	0.4585901447	0.5852600191	0.3967862688	-0.3967333768	-0.5853494636	0.5	3.27602062596048E-16	0.0472844892	1	4.00959066769957E-17	-8.75093654851653E-20	-4.96114550582593E-20
0.2152881795	-0.006996412	0.4545861432	0.5888906083	0.3913799479	-0.3913270311	-0.5889760119	0.5	3.29471808437979E-16	0.0472844892	1	3.9793146413518E-17	-8.82323111387064E-20	-5.01496551150188E-20
0.2209535191	-0.0069967445	0.4503775481	0.5924647653	0.3859458953	-0.3858947719	-0.5925508356	0.5	3.31341691062966E-16	0.0472844892	1	4.01889767319641E-17	-9.0203391039456E-20	-5.25093378417981E-20
0.2265869778	-0.006996376	0.4459572344	0.5959888889	0.3804809207	-0.3804298664	-0.5960743495	0.5	3.33211274900914E-16	0.0472844892	1	3.98836127315135E-17	-8.88860267775463E-20	-5.28897923465967E-20
0.2321832849	-0.0069965227	0.4413264659	0.5994591638	0.3749903574	-0.3749406504	-0.599541868	0.5	3.35080974307949E-16	0.0472844892	1	3.97788293814529E-17	-9.00307262332482E-20	-5.32682820572482E-20
0.2377344553	-0.006996397	0.4364821067	0.6028723796	0.3694752893	-0.369426291	-0.6029569803	0.5	3.36950719274682E-16	0.0472844892	1	3.96765161644453E-17	-9.0079596175355E-20	-5.20022199604202E-20
0.2432343801	-0.006996277	0.4314217492	0.6062334348	0.36393672	-0.3638883712	-0.6063137304	0.5	3.38820327956636E-16	0.0472844892	1	3.95731346751827E-17	-8.71193936960309E-20	-5.17522176426305E-20
0.248675459	-0.0069963797	0.4261464655	0.6095331013	0.3583798129	-0.3583327405	-0.6096154159	0.5	3.40689926571193E-16	0.0472844892	1	3.97680821153806E-17	-8.82009131814857E-20	-5.14313015905914E-20
0.2540500622	-0.0069960884	0.4206515187	0.6127792407	0.3528027338	-0.3527559403	-0.6128581236	0.5	3.42559503228757E-16	0.0472844892	1	3.92506771358846E-17	-8.81851966851637E-20	-5.10004771123433E-20
0.2593512446	-0.0069962681	0.4149399678	0.6159632636	0.3472122834	-0.3471668339	-0.6160422694	0.5	3.44428959963221E-16	0.0472844892	1	3.99429746881498E-17	-9.00979347481374E-20	-5.10041024432323E-20
0.2645701188	-0.0069959806	0.4090076656	0.6190897372	0.3416066842	-0.3415616771	-0.6191674986	0.5	3.46298526390564E-16	0.0472844892	1	3.95357593366921E-17	-8.87526696545231E-20	-5.09734927005957E-20
0.2696997926	-0.0069960707	0.4028569286	0.6221555302	0.3359915073	-0.3359474462	-0.6222310797	0.5	3.48168094931765E-16	0.0472844892	1	4.03188528987169E-17	-8.9458337532344E-20	-5.11865937694891E-20
0.2747310598	-0.0069959188	0.3964865816	0.6251592279	0.330367409	-0.3303242445	-0.6252353224	0.5	3.50037696015237E-16	0.0472844892	1	4.0006185814754E-17	-8.98278256116363E-20	-5.05478783729424E-20
0.2796561448	-0.0069958416	0.3898968272	0.62810352	0.3247370892	-0.3246943902	-0.6281762046	0.5	3.51907306129274E-16	0.0472844892	1	3.93971499804768E-17	-8.76670034498399E-20	-5.12560127448827E-20
0.2844664924	-0.0069958423	0.3830900311	0.6309828241	0.319104421	-0.3190629314	-0.6310561703	0.5	3.53776863652243E-16	0.0472844892	1	3.99883500057831E-17	-8.79649983086681E-20	-5.13160300374107E-20
0.2891530563	-0.0069956439	0.3760649389	0.633802028	0.3134695516	-0.3134283666	-0.6338726122	0.5	3.55646303985214E-16	0.0472844892	1	3.98847645612174E-17	-8.98520449879891E-20	-4.9973780751138E-20
0.2937074974	-0.0069957028	0.3688258113	0.6365562106	0.3078376753	-0.3077975834	-0.6366261101	0.5	3.57515836697227E-16	0.0472844892	1	3.96813628893579E-17	-8.95964891928768E-20	-4.92582273991249E-20
0.2981209902	-0.0069954992	0.3613725548	0.6392476197	0.3022095645	-0.3021700156	-0.6393161514	0.5	3.59385460718843E-16	0.0472844892	1	3.96746178024559E-17	-8.7597945683593E-20	-4.92318210738886E-20
0.3023840583	-0.0069955134	0.3537089038	0.6418753978	0.2965885708	-0.2965497298	-0.6419419375	0.5	3.61255075314711E-16	0.0472844892	1	3.95677238288098E-17	-8.84708366670016E-20	-4.88070975710989E-20
0.3064887742	-0.006995379	0.3458375969	0.644438086	0.2909778328	-0.2909398547	-0.6445040381	0.5	3.63124702540066E-16	0.0472844892	1	4.00630320492352E-17	-8.98244510255195E-20	-4.93036823697999E-20
0.3104251788	-0.006995314	0.3377615038	0.6469377216	0.2853789957	-0.2853414224	-0.6470013028	0.5	3.64994315015286E-16	0.0472844892	1	3.9859378804822E-17	-9.02524159525143E-20	-4.90235624366157E-20
0.3141850248	-0.006995252	0.3294856318	0.6493717405	0.2797959303	-0.2797593407	-0.6494345936	0.5	3.66863852194314E-16	0.0472844892	1	4.00486101830967E-17	-8.92682050367499E-20	-4.85273220524005E-20
0.3177594385	-0.0069951317	0.3210132048	0.651742116	0.2742307436	-0.2741944947	-0.6518029554	0.5	3.6873347711872E-16	0.0472844892	1	3.98439244154618E-17	-8.84350142217339E-20	-4.82066582091335E-20
0.3211390454	-0.0069951085	0.3123503112	0.6540475904	0.2686862596	-0.2686508881	-0.6541071347	0.5	3.70603035111655E-16	0.0472844892	1	3.98349723157655E-17	-8.81027422884221E-20	-4.80624910394799E-20
0.3243162462	-0.0069949731	0.3035014921	0.6562887079	0.2631657697	-0.2631308481	-0.6563467577	0.5	3.72472686098057E-16	0.0472844892	1	3.98303281362497E-17	-8.83984249728493E-20	-4.80412590423468E-20
0.3272814491	-0.0069949547	0.2944734273	0.6584658043	0.2576714347	-0.2576371703	-0.658522061	0.5	3.74342314679781E-16	0.0472844892	1	3.99248880425386E-17	-8.89187833646528E-20	-4.78361081056794E-20
0.3300272218	-0.0069948375	0.2852721445	0.660578487	0.2522065607	-0.2521729093	-0.6606335877	0.5	3.76211916793382E-16	0.0472844892	1	3.98216399829978E-17	-8.95073437028757E-20	-4.69954923748431E-20
0.3325451126	-0.0069947999	0.2759049455	0.6626278363	0.246773939	-0.2467407181	-0.6626809123	0.5	3.7808167861074E-16	0.0472844892	1	3.94152394853571E-17	-8.9127193739738E-20	-4.77806435688116E-20
0.3348272381	-0.0069947228	0.2663792766	0.6646133663	0.2413759835	-0.2413434999	-0.6646653465	0.5	3.7995126519821E-16	0.0472844892	1	3.97069483088791E-17	-8.98486890410683E-20	-4.80464979281034E-20
0.3368665445	-0.0069946558	0.2567030434	0.6665362476	0.2360162677	-0.2359840675	-0.6665862824	0.5	3.81820912831343E-16	0.0472844892	1	3.97005339122264E-17	-8.9804936396176E-20	-4.78054029666972E-20
0.338655311	-0.0069946244	0.2468851205	0.6683963406	0.2306968331	-0.2306653748	-0.6684450523	0.5	3.83690590550238E-16	0.0472844892	1	3.96938433216851E-17	-9.009658722745E-20	-4.80181335030258E-20
0.3401872435	-0.006994537	0.2369339538	0.670194589	0.2254210705	-0.2253898971	-0.6702417087	0.5	3.85560200261997E-16	0.0472844892	1	3.96887942854159E-17	-8.96862489244776E-20	-4.77284650109348E-20
0.3420142842	-0.0070017526	0.2305801514	0.6709163213	0.2232282875	-0.2231956836	-0.670987413	0.5	3.87429868299534E-16	0.0472844892	1	4.01684599824235E-17	-8.67751323692531E-20	-4.74634629154429E-20
0.3449453365	-0.0070099843	0.2281733439	0.67032197	0.2249690815	-0.2249432451	-0.670416218	0.5	3.89299304906316E-16	0.0472844892	1	4.02434214442927E-17	-8.90598674772629E-20	-4.6000919197203E-20
0.348721139	-0.0070119409	0.2280591421	0.6689075736	0.2291447147	-0.2291215722	-0.6689982533	0.5	3.91168752630305E-16	0.0472844892	1	3.97336598550553E-17	-9.0248181669433E-20	-4.51300031554557E-20
0.3528644608	-0.007008328	0.2290360835	0.6670864847	0.2344058837	-0.2343829372	-0.6671687511	0.5	3.93038453015944E-16	0.0472844892	1	3.96292494565271E-17	-8.83894136925087E-20	-4.50509167366042E-20
0.3571108065	-0.0070028468	0.230509889	0.6650777439	0.2400694759	-0.2400414004	-0.6651453731	0.5	3.94908220087216E-16	0.0472844892	1	4.0025198499244E-17	-8.54840097414455E-20	-4.13292591256671E-20
0.3613425575	-0.0069988304	0.2322221168	0.6629725923	0.2458358957	-0.2458049637	-0.663032408	0.5	3.96777697621869E-16	0.0472844892	1	4.01160383691909E-17	-8.96523638106233E-20	-4.10486277424142E-20
0.365508187	-0.0069961947	0.2340547744	0.6608183259	0.2515761991	-0.2515427245	-0.6608742799	0.5	3.98647187997714E-16	0.0472844892	1	3.98030731248595E-17	-8.36107886267924E-20	-4.13948184833296E-20
0.3695900918	-0.006995376	0.2359627878	0.6586343298	0.2572444229	-0.2572095988	-0.6586875957	0.5	4.00516857064726E-16	0.0472844892	1	3.94962972377928E-17	-8.33928181995301E-20	-4.22158859198038E-20
0.3735814333	-0.0069950823	0.2379220487	0.656428063	0.2628201483	-0.2627854941	-0.6564842358	0.5	4.0238656133858E-16	0.0472844892	1	3.99800106427592E-17	-8.3863573630117E-20	-4.20536459955727E-20
0.377480053	-0.0069952321	0.2399223901	0.654209075	0.2682983398	-0.2682625711	-0.654264228	0.5	4.04256207879908E-16	0.0472844892	1	3.97574806870352E-17	-8.40434623331054E-20	-4.20818878662866E-20
0.381287881	-0.0069954351	0.2419595046	0.6519747777	0.2736790577	-0.2736438198	-0.6520335287	0.5	4.06125876680975E-16	0.0472844892	1	3.96465765653488E-17	-8.4845624877313E-20	-4.25531220469461E-20
0.3850052365	-0.0069954486	0.2440267402	0.6497322182	0.2789622558	-0.2789258123	-0.649791117	0.5	4.07995493399639E-16	0.0472844892	1	3.9541232491894E-17	-8.52102230450017E-20	-4.30367419011332E-20
0.3886342962	-0.0069956253	0.246124601	0.6474791385	0.2841509542	-0.2841144847	-0.6475399293	0.5	4.09865133240626E-16	0.0472844892	1	3.98246052894666E-17	-8.56552718354061E-20	-4.32620465230758E-20
0.3921773789	-0.0069955035	0.2482473074	0.6452183636	0.2892469147	-0.2892095308	-0.6452808171	0.5	4.11734677566049E-16	0.0472844892	1	3.99175837324881E-17	-8.71014897695642E-20	-4.24778840793945E-20
0.3956352278	-0.0069956263	0.2503951953	0.6429514268	0.2942521227	-0.2942141393	-0.6430141454	0.5	4.13604581847337E-16	0.0472844892	1	4.02088441564641E-17	-8.9437088901707E-20	-4.43907473011477E-20
0.398946599	-0.0069768347	0.2525249919	0.6407901325	0.2991116632	-0.2990028105	-0.6407164258	0.5004461291	2.53274540245676E-05	0.0475748556	0.9999911312	0.0009190493	0.0037339655	-0.0017176659
0.401891793	-0.0068815499	0.2545453262	0.6387139527	0.3036352368	-0.3031891798	-0.6386912015	0.5033915354	0.0001954782	0.0490216877	0.9996707739	-0.0004856265	0.0254479938	-0.0032415487
0.404804741	-0.0068394203	0.2566065257	0.6365758857	0.3080624764	-0.30743593	-0.6366724443	0.5067713597	0.0003230024	0.0506040543	0.9987357478	-0.0024358481	0.0501124196	-0.003117381
0.4067941147	-0.0068230536	0.2581385519	0.6350277784	0.3111510382	-0.3104094364	-0.6352721731	0.5091964005	0.0003559574	0.0516891611	0.9976957847	-0.0036148172	0.0677050801	-0.0024650336
0.4077664122	-0.0068134027	0.2588556252	0.6342875119	0.3126316501	-0.3118514463	-0.6345781899	0.5104603753	0.0003478836	0.0521358363	0.9971562674	-0.0037027972	0.075229775	-0.0024796317
0.4081283163	-0.006816045	0.2590433432	0.6340544253	0.3131131366	-0.3123640367	-0.6343215731	0.5110381121	0.0003268311	0.0522056819	0.9970565286	-0.003204282	0.0765449238	-0.0029809378
0.4082270929	-0.0068306861	0.2590189153	0.634027804	0.3131687707	-0.312490795	-0.6342582817	0.5113240467	0.0002996749	0.0521345672	0.9971458693	-0.0025346271	0.0753709912	-0.0035923122
0.4082406194	-0.0068495917	0.2589472911	0.63406056	0.3130991953	-0.312505274	-0.6342527524	0.5115055746	0.0002706473	0.052033968	0.9972786509	-0.0018633955	0.0735819764	-0.0041848452
0.4082378951	-0.0068682701	0.2588868724	0.6341023472	0.3130178139	-0.3125100848	-0.6342487748	0.5116552994	0.0002415972	0.0519442573	0.9974031905	-0.0012808891	0.0718568646	-0.004671817
0.4082365327	-0.0068852578	0.2588455381	0.6341405139	0.3129503457	-0.3125263383	-0.6342359006	0.5117935813	0.0002135513	0.0518711654	0.9975109165	-0.0008042495	0.0703274171	-0.0050377566
0.4082382278	-0.00690046	0.2588179803	0.6341750741	0.312897813	-0.312550376	-0.634215418	0.5119226726	0.000187412	0.0518098911	0.9976039024	-0.0004076075	0.0689779715	-0.0053223414
0.4082412904	-0.006913491	0.2587991757	0.6342047538	0.312856333	-0.3125765382	-0.6341933088	0.5120430131	0.0001637467	0.0517561565	0.9976852827	-0.000071405	0.0677729314	-0.0055588911
0.4082439607	-0.006923988	0.2587850724	0.6342275837	0.3128247279	-0.3125974731	-0.6341757497	0.512149618	0.0001454202	0.051700069	0.9977637835	0.0001819378	0.0665896332	-0.0057636745
0.4082456945	-0.006933067	0.2587762242	0.6342376525	0.3128027609	-0.3126129487	-0.634168887	0.5122399716	0.0001357411	0.0516306125	0.997848132	0.0003155693	0.0652977749	-0.0059335081
0.4082459208	-0.0069417402	0.2587695691	0.6342420381	0.3127846647	-0.3126239257	-0.6341680154	0.5123213851	0.0001320622	0.0515515203	0.9979353179	0.0003748138	0.0639376639	-0.0060774924
0.4082446899	-0.0069519607	0.2587681027	0.6342199179	0.3127775128	-0.3126270677	-0.6341921159	0.5123734552	0.0001427743	0.0514342643	0.9980492156	0.000228748	0.0621282855	-0.0061471214
0.4082424182	-0.0069629355	0.2587643329	0.6342252246	0.3127584393	-0.3126371716	-0.6341912346	0.5124605101	0.0001436737	0.0513452734	0.9981338872	0.0002468355	0.0607431994	-0.0062406711
0.4082417019	-0.0069689952	0.2587607757	0.6342285911	0.3127473365	-0.3126427308	-0.6341906027	0.5125420872	0.0001397116	0.0512584433	0.9982170234	0.0002955725	0.0593537779	-0.0063099748
0.4082408044	-0.0069721152	0.2587578024	0.6342297202	0.3127393359	-0.3126453962	-0.634192105	0.5126168597	0.0001361702	0.0511663069	0.9983021465	0.0003158981	0.0579004645	-0.0063451385
0.4082394304	-0.0069746329	0.2587546507	0.6342310725	0.312731965	-0.312646189	-0.6341939966	0.5126887212	0.000133362	0.0510704364	0.9983872712	0.0003168656	0.0564122062	-0.0063576154
0.4082380608	-0.006977595	0.2587523901	0.6342306226	0.3127252006	-0.3126474509	-0.6341971599	0.5127596155	0.000130895	0.050972327	0.9984712241	0.0003072438	0.0549068801	-0.006352539
0.4082362771	-0.0069809147	0.2587497077	0.6342304817	0.3127178724	-0.3126479096	-0.6342006883	0.5128295617	0.0001287329	0.050871945	0.9985541121	0.0002913445	0.0533804819	-0.0063343938
0.4082346792	-0.0069845758	0.2587476623	0.6342298285	0.3127110793	-0.3126489925	-0.6342041572	0.512899425	0.0001268382	0.050770126	0.9986353239	0.0002720082	0.0518425151	-0.0063063027
0.4082320182	-0.0069877442	0.2587473354	0.6342470893	0.3126983408	-0.3126557234	-0.6341898579	0.5129477821	0.0001187958	0.0506397071	0.9987320594	0.0003705079	0.0499423622	-0.0063163886
0.4082285579	-0.0069913942	0.2587448738	0.6342446599	0.3126904537	-0.3126534378	-0.6341973033	0.5130243029	0.0001210512	0.050529709	0.9988108492	0.0003375025	0.0483420569	-0.0063102371
0.4082259555	-0.0069948463	0.258744499	0.6342597638	0.3126785835	-0.3126593841	-0.6341851189	0.5130757103	0.0001177649	0.0503936989	0.9989043885	0.0004191054	0.0463632126	-0.0063481962
0.4082210547	-0.0069954189	0.2587432115	0.6342683611	0.312670434	-0.3126555578	-0.6341824249	0.5131340493	0.0001157419	0.0502499573	0.9989966132	0.0004814519	0.0443245183	-0.0063931315
0.4082169497	-0.0069954005	0.2587416556	0.6342385361	0.3126772396	-0.3126382234	-0.6342174425	0.5132027697	0.0001238348	0.0501093461	0.9990861187	0.0001893817	0.0422931841	-0.0061788467
0.4082157447	-0.0069959918	0.2587372645	0.634243599	0.3126726088	-0.3126351251	-0.6342161898	0.5132975505	0.0001202327	0.0500091816	0.9991487941	0.0002095809	0.040789687	-0.0061518137
0.4082159302	-0.0069909107	0.2587337842	0.6342482332	0.3126754304	-0.3126284397	-0.6342134598	0.5133772948	0.0001100744	0.0499031864	0.9992136858	0.000253627	0.0391756539	-0.0061003167
0.4082154074	-0.006985208	0.2587304093	0.6342570066	0.3126746226	-0.3126239517	-0.6342072964	0.5134484048	0.0001058212	0.0497894513	0.999279159	0.0002532091	0.0374723437	-0.0060763178
0.4082121523	-0.0069887221	0.2587290247	0.6342406328	0.3126731054	-0.3126170286	-0.6342278315	0.5134911133	0.0001160451	0.0496317008	0.9993623028	3.77563929188708E-05	0.0352061634	-0.0059592335
0.4082094252	-0.006996288	0.2587253794	0.6342507283	0.3126576388	-0.3126225942	-0.6342226172	0.5135702937	0.0001213447	0.0495122736	0.9994208388	5.91388734637506E-05	0.0334922425	-0.0060210573
0.408207933	-0.007002174	0.2587221194	0.634255929	0.312646907	-0.3126264738	-0.6342207943	0.5136412146	0.0001276658	0.0493893621	0.9994787134	7.13223046731615E-05	0.031706005	-0.0060848651
0.4082065124	-0.0070061818	0.2587193709	0.6342582928	0.3126387558	-0.3126284712	-0.634221464	0.5137079909	0.0001348958	0.0492625987	0.9995348649	6.98132032480887E-05	0.029872348	-0.0061393611
0.4082047205	-0.0070088808	0.258716321	0.6342605663	0.3126316	-0.3126282861	-0.6342228091	0.5137725792	0.0001426311	0.049132443	0.9995886741	6.06167623992828E-05	0.0280038375	-0.0061857875
0.4082028925	-0.0070109533	0.2587137106	0.6342619518	0.3126254522	-0.3126275149	-0.634224834	0.5138362213	0.0001504744	0.048999747	0.9996396467	4.7791099768202E-05	0.026111943	-0.0062242252
0.4082007448	-0.007012622	0.2587107708	0.6342634708	0.3126193201	-0.3126256455	-0.634227259	0.5138989572	0.0001582998	0.048864414	0.9996877044	3.31332400520297E-05	0.0241942088	-0.0062556226
0.4081986575	-0.0070141508	0.2587080873	0.6342648782	0.3126137398	-0.312623652	-0.6342295847	0.5139613133	0.0001660006	0.0487269174	0.9997325704	1.7791447169707E-05	0.0222562483	-0.0062806681
0.4081964023	-0.0070154802	0.2587052944	0.6342661261	0.3126081098	-0.3126212144	-0.6342323133	0.5140231753	0.0001736054	0.0485871248	0.9997741701	2.11469327157779E-06	0.0202956005	-0.0063005868
0.4081941463	-0.0070166878	0.258702446	0.6342678702	0.3126027136	-0.3126184733	-0.63423458	0.5140846977	0.0001811145	0.0484451382	0.9998123441	-1.37052905232093E-05	0.0183134882	-0.0063160595
0.4081918815	-0.0070177539	0.2586997573	0.634269195	0.3125974724	-0.3126157412	-0.634237185	0.5141459484	0.0001885388	0.0483010312	0.9998469477	-0.000029485	0.0163106892	-0.0063278531
0.4081895088	-0.0070186686	0.2586967684	0.6342712036	0.3125921697	-0.3126124828	-0.6342393959	0.5142067762	0.0001959134	0.048154591	0.9998778928	-4.53374957808019E-05	0.014284457	-0.0063365343
0.4081872397	-0.0070195051	0.2586940779	0.6342728139	0.3125871972	-0.3126094639	-0.6342417243	0.5142674294	0.0002032118	0.0480060726	0.999904993	-6.10491176207093E-05	0.0122382628	-0.0063424099
0.4081848091	-0.0070201912	0.2586910449	0.6342748825	0.3125820026	-0.3126059143	-0.6342439652	0.5143276088	0.0002104821	0.0478551231	0.999928169	-7.68133636945163E-05	0.0101675513	-0.0063460134
0.4081825007	-0.0070208394	0.2586882383	0.634276866	0.3125771452	-0.3126025541	-0.6342460317	0.5143875829	0.0002176883	0.0477019999	0.9999472389	-0.00009247	0.0080759796	-0.0063474016
0.4081778638	-0.0070274486	0.2586864356	0.6343037634	0.312554114	-0.3126136962	-0.6342249904	0.5144170637	0.0002456542	0.047494628	0.9999636951	0.000042256	0.0052394376	-0.0067197508
0.4081727212	-0.0070306093	0.2586811523	0.6342911888	0.3125486623	-0.3126020787	-0.634245979	0.5144932928	0.000256235	0.0473375414	0.9999726472	-3.70147653371704E-05	0.0031706038	-0.0066821228
0.4081956379	-0.0070327746	0.2587094016	0.6342567045	0.3125918286	-0.3126412369	-0.6342398903	0.514593241	0.000261433	0.0472759718	0.9999756064	-6.70312422063115E-05	0.0022491114	-0.0066123768
0.4082425479	-0.0070335411	0.258765718	0.6342057185	0.3126774099	-0.312722243	-0.6342087532	0.5147041967	0.0002659262	0.047282974	0.9999760684	-7.66636747300145E-05	0.0021700883	-0.0065686725
0.4082792407	-0.0070327548	0.2588079604	0.6341685344	0.3127435843	-0.3127841902	-0.6341827582	0.5147971523	0.0002700071	0.0472845333	0.9999766073	-8.13573388553955E-05	0.0020315918	-0.0065307604
0.4083053339	-0.0070311093	0.2588358922	0.6341434675	0.3127901671	-0.312826197	-0.6341641305	0.514873754	0.0002737359	0.0472823694	0.9999771731	-8.26729036018787E-05	0.0018529622	-0.0064971554
0.4083250084	-0.0070291804	0.2588556694	0.634124973	0.3128250965	-0.3128565296	-0.6341504313	0.5149382479	0.0002770783	0.0472788992	0.9999776896	-0.000081024	0.0016687794	-0.0064675295
0.4083412268	-0.0070272188	0.2588711126	0.6341098469	0.312853732	-0.3128806666	-0.6341395216	0.5149959038	0.0002797369	0.047276118	0.9999780788	-0.000072424	0.0015038571	-0.0064478717
0.4083559117	-0.0070252882	0.2588847545	0.6340962539	0.3128796905	-0.3129020841	-0.634129739	0.5150498628	0.0002822187	0.0472747704	0.9999783874	-6.46907713831973E-05	0.0013652907	-0.0064309025
0.4103621284	-0.0070757139	0.2499902067	0.6354514991	0.3100079181	-0.3098778031	-0.6356667603	0.5159389954	0.0003010072	0.0467715306	0.999977288	-2.78828495025525E-06	0.0018169604	-0.0064901542
0.4107617287	-0.007039232	0.2386519837	0.6381688932	0.3043853799	-0.3040404193	-0.6384742968	0.5170688702	0.0003243345	0.046524266	0.9999765354	-0.0002297334	0.002456697	-0.0063906631
0.4108467958	-0.0071368247	0.2287412518	0.6405689707	0.2992555455	-0.299197368	-0.6407795621	0.5180180418	0.0003349698	0.0465597232	0.9999762299	4.18358536964342E-05	0.0028085321	-0.0062968343
0.4115025159	-0.007320859	0.2235367144	0.6413648896	0.2972495102	-0.2976126241	-0.6416545278	0.5189694817	0.000368036	0.0467424224	0.9999735371	0.0003996881	0.0038023301	-0.0061893099
0.4131872443	-0.007333435	0.222151394	0.6406478422	0.2986671315	-0.2987537518	-0.6411820979	0.520984677	0.0004290232	0.0471095729	0.9999568191	-0.0010474654	0.0076360766	-0.0051916449
0.4153778442	-0.00715179	0.2223587179	0.6394938521	0.301545789	-0.3011238522	-0.639876688	0.5241356598	0.0005888877	0.0478535768	0.9999095168	-0.005121262	0.0119750946	-0.003365722
0.4179783485	-0.0070602622	0.2234806104	0.6379751668	0.3050949364	-0.3046360218	-0.6380451869	0.5276755734	0.0006735475	0.0488046011	0.9996925359	-0.005523041	0.0241059057	-0.0017986272
0.4207497102	-0.0069654209	0.2251211765	0.6359948128	0.3092001424	-0.3084731255	-0.6361998121	0.5307137593	0.0007516024	0.0500681369	0.9990757425	-0.0048906869	0.0425666133	-0.003438812
0.4236059136	-0.0069100804	0.2270032648	0.6340324996	0.3133111781	-0.3127263541	-0.6340671278	0.5337106447	0.0007829641	0.0516447978	0.9977651803	-0.0035533659	0.066530606	-0.0050692216
0.4264750366	-0.0069850082	0.2289793497	0.6319177132	0.3173883123	-0.3171363612	-0.6319566372	0.5366024084	0.0007038883	0.0533717732	0.995523952	-0.0019678318	0.0943425854	-0.0052597681
0.4292034982	-0.0070417911	0.230972218	0.6298680984	0.3214112741	-0.3212920967	-0.6298669384	0.5398820015	0.0006420015	0.0550112521	0.9925632229	-0.0005657669	0.121579193	-0.0060355817
0.4317663695	-0.0070915064	0.2329326261	0.6279276413	0.3251946768	-0.3252756002	-0.6278145295	0.5439781097	0.0006617779	0.0565524665	0.9888700457	0.0001759822	0.14862838	-0.0067532483
0.4342171843	-0.0071893314	0.2348574296	0.6259760767	0.3288254446	-0.3291239642	-0.6258635591	0.5484606096	0.000700053	0.057895908	0.9845190014	0.0004276127	0.1751440973	-0.0068336047
0.436690686	-0.0072825264	0.2368834597	0.6239306658	0.3325413524	-0.3330381181	-0.6238688846	0.5531144894	0.0007267424	0.059105476	0.9787905631	0.0005801421	0.2047568266	-0.0065832322
0.4391974655	-0.007387385	0.2390013483	0.621823001	0.3363147777	-0.337063128	-0.6217853114	0.557744701	0.0007801887	0.0601675718	0.9714961411	0.000641656	0.2369729761	-0.0062164826
0.4417362169	-0.0074900016	0.2412030828	0.6196214943	0.3401925592	-0.3411428554	-0.6196448812	0.562315788	0.000847227	0.0610668504	0.9623267721	0.0008742403	0.2718220785	-0.0062591496
0.44429271	-0.0075489664	0.2434511371	0.6173618675	0.3441617064	-0.345222154	-0.6174453083	0.566758011	0.0009198321	0.0617853764	0.9511681036	0.0012449654	0.30859547	-0.0068208943
0.4468356994	-0.0075446509	0.2456993034	0.6150816452	0.3481910596	-0.3492170192	-0.6152113695	0.5710283778	0.0009743771	0.0623211853	0.9385076465	0.0016613715	0.3451709744	-0.0075918166
0.4493266297	-0.007451371	0.2479231701	0.6128027954	0.3522394331	-0.3530559883	-0.612985795	0.5750193125	0.0009600111	0.0625949943	0.9249209397	0.0022667224	0.3800665149	-0.0080970111
0.4517622888	-0.0072712005	0.250174864	0.6105428139	0.356324548	-0.3567632923	-0.6107292707	0.5790736596	0.000851093	0.0625233941	0.9096236796	0.0030084721	0.4153481443	-0.0078504511
0.454148934	-0.0070972036	0.2524686429	0.6083159891	0.3603324202	-0.3604843285	-0.6084104316	0.5844340141	0.0007311677	0.0619200914	0.8870944493	0.0036498736	0.4615118305	-0.0075463108
0.456480193	-0.006988344	0.2547773405	0.6060816258	0.3642312738	-0.364213358	-0.6060934515	0.592835843	0.0005764143	0.0598607199	0.8460924679	0.0043630976	0.5329704143	-0.0071439916
0.4587589574	-0.0069468665	0.2571022552	0.6038120757	0.3680334295	-0.3679466608	-0.6038026389	0.6061306848	0.0003390519	0.0532001423	0.7635005318	0.0054484945	0.6457528802	-0.0063615655
0.4609811024	-0.0069468284	0.2594264923	0.6015278779	0.3717470205	-0.3716501285	-0.6015351584	0.6167370083	0.0001818245	0.0454194009	0.6770513591	0.0060415528	0.7358868389	-0.0059596338
0.4631514944	-0.0069651749	0.2617562782	0.5992392375	0.3753971804	-0.3753155435	-0.5992725056	0.6145761126	0.000202579	0.0456077511	0.6987229319	0.0060291772	0.7153418672	-0.0059938755
0.4652687082	-0.0069835968	0.2640853966	0.5969508925	0.3789896663	-0.3789276403	-0.5970178457	0.6140782862	0.0002077261	0.0464889329	0.7034907803	0.0060207866	0.7106535271	-0.0060030377
0.4673353359	-0.006995979	0.2664137021	0.5946775973	0.3825337362	-0.3824832378	-0.594754629	0.6138692979	0.0002100297	0.0469151327	0.7054755936	0.0060158627	0.708683215	-0.0060080814
0.4693527525	-0.0070013153	0.2687443899	0.5924038685	0.3860313169	-0.385986884	-0.5924960797	0.6137789935	0.0002110158	0.0471076691	0.7063265441	0.0060138218	0.7078350975	-0.0060101462
0.4713205705	-0.0070013658	0.2710697517	0.5901457595	0.3894795622	-0.3894334769	-0.5902331914	0.6137375061	0.0002114695	0.0471984365	0.7067164218	0.0060128762	0.7074458362	-0.0060110971
0.47324241	-0.006999955	0.2733989192	0.587884782	0.392883565	-0.3928355053	-0.5879747046	0.6137176541	0.0002116867	0.0472423131	0.7069027605	0.0060124226	0.7072596406	-0.0060115519
0.4751162939	-0.0069973717	0.2757212707	0.5856332209	0.3962367314	-0.3961848915	-0.5857198263	0.6137079873	0.0002117925	0.0472637512	0.7069934446	0.0060122015	0.7071689906	-0.0060117732
0.4769463614	-0.0069963506	0.2780458517	0.5833824082	0.3995466808	-0.3994927563	-0.5834663258	0.613703243	0.0002118444	0.0472742767	0.707037938	0.006012093	0.7071245054	-0.0060118818
0.4787310244	-0.0069953191	0.2803652394	0.5811340419	0.4028084335	-0.4027532032	-0.5812215142	0.613700906	0.00021187	0.0472794563	0.7070598522	0.0060120396	0.7071025933	-0.0060119353
0.4804731183	-0.0069954586	0.282683029	0.5788929022	0.4060274466	-0.4059711568	-0.5789750774	0.6136997527	0.0002118826	0.047282008	0.7070706654	0.0060120132	0.7070917806	-0.0060119617
0.4821728353	-0.0069956245	0.2849987986	0.5766490588	0.4092032049	-0.4091471918	-0.5767383944	0.6136991832	0.0002118888	0.0472832657	0.7070760058	0.0060120001	0.7070864403	-0.0060119747
0.483830873	-0.0069957766	0.2873089221	0.5744164966	0.4123361026	-0.4122791347	-0.5745002541	0.6136989017	0.0002118919	0.0472838858	0.7070786445	0.0060119937	0.7070838016	-0.0060119811
0.4854493548	-0.0069962593	0.2896195167	0.5721799053	0.4154303863	-0.415373829	-0.5722694578	0.6136987626	0.0002118935	0.0472841916	0.7070799485	0.0060119905	0.7070824976	-0.0060119843
0.4870273126	-0.0069960091	0.2919222311	0.5699537566	0.4184822178	-0.4184246079	-0.5700405215	0.6136986939	0.0002118942	0.0472843424	0.7070805931	0.006011989	0.707081853	-0.0060119859
0.4885678264	-0.0069964643	0.2942256341	0.5677265489	0.4214982922	-0.4214406712	-0.5678146846	0.6136986599	0.0002118946	0.0472844168	0.7070809117	0.0060119882	0.7070815345	-0.0060119867
0.4900695598	-0.0069960779	0.2965216277	0.5655049901	0.4244739037	-0.424415447	-0.5655948546	0.6136986431	0.0002118948	0.0472844535	0.7070810691	0.0060119878	0.707081377	-0.006011987
0.4915351683	-0.0069963789	0.2988161262	0.5632877519	0.4274146189	-0.4273557046	-0.5633744348	0.6136986348	0.0002118949	0.0472844716	0.707081147	0.0060119876	0.7070812992	-0.0060119872
0.4929642112	-0.0069961881	0.3011057384	0.5610704608	0.4303183527	-0.4302590017	-0.561162405	0.6136986307	0.0002118949	0.0472844805	0.7070811855	0.0060119875	0.7070812607	-0.0060119873
0.4943579657	-0.0069962364	0.3033905368	0.5588620454	0.4331868813	-0.4331267568	-0.5589486136	0.6136986287	0.0002118949	0.0472844849	0.7070812045	0.0060119875	0.7070812417	-0.0060119874
0.4957174221	-0.0069963603	0.3056733239	0.5566501849	0.4360222912	-0.4359620353	-0.556742523	0.6136986277	0.0002118949	0.047284487	0.7070812139	0.0060119874	0.7070812323	-0.0060119874
0.4970424164	-0.0069961502	0.3079486731	0.5544483168	0.4388223411	-0.4387611718	-0.554536429	0.6136986272	0.0002118949	0.0472844881	0.7070812185	0.0060119874	0.7070812276	-0.0060119874
0.4983349999	-0.0069964964	0.3102235217	0.5522435662	0.4415922061	-0.441530995	-0.5523348147	0.6136986269	0.0002118949	0.0472844886	0.7070812208	0.0060119874	0.7070812253	-0.0060119874
0.4995942861	-0.0069961622	0.3124903318	0.5500459695	0.4443277708	-0.4442656877	-0.5501365851	0.6136986268	0.0002118949	0.0472844889	0.707081222	0.0060119874	0.7070812242	-0.0060119874
0.500822467	-0.0069965277	0.3147559998	0.5478493165	0.4470344662	-0.446972242	-0.5479389814	0.6136986268	0.0002118949	0.047284489	0.7070812225	0.0060119874	0.7070812236	-0.0060119874
0.502018908	-0.0069962731	0.3170151869	0.5456547495	0.4497093507	-0.4496464332	-0.5457476334	0.6136986267	0.0002118949	0.0472844891	0.7070812228	0.0060119874	0.7070812233	-0.0060119874
0.5029615284	-0.0069951457	0.3189253942	0.5438529243	0.4518915088	-0.4518284559	-0.5439385144	0.6136986267	0.0002118949	0.0472844891	0.7070812229	0.0060119874	0.7070812232	-0.0060119874
0.5034663764	-0.0069926311	0.3200355019	0.5428398143	0.4531086157	-0.4530444931	-0.5429255987	0.6136986267	0.0002118949	0.0472844891	0.707081223	0.0060119874	0.7070812231	-0.0060119874
0.5036755117	-0.0069912595	0.3204421312	0.5424439771	0.4535870201	-0.4535209256	-0.5425238399	0.6136986267	0.0002118949	0.0472844892	0.707081223	0.0060119874	0.7070812231	-0.0060119874
0.5037418079	-0.0069920178	0.3205025864	0.5423436803	0.4537035064	-0.4536371176	-0.5424295589	0.6136986267	0.0002118949	0.0472844892	0.707081223	0.0060119874	0.7070812231	-0.0060119874
0.5037543059	-0.0069934707	0.3204534926	0.5423509714	0.4536941509	-0.4536283628	-0.5424374155	0.6136986267	0.0002118949	0.0472844892	0.7070812231	0.0060119874	0.7070812231	-0.0060119874
0.5037542291	-0.0069956753	0.3204055047	0.5423696534	0.4536685714	-0.4536046212	-0.5424599838	0.6136986267	0.0002118949	0.0472844892	0.7070812231	0.0060119874	0.7070812231	-0.0060119874
0.5037528553	-0.006996761	0.3203767478	0.5423820163	0.4536516137	-0.4535886007	-0.5424752005	0.6136986267	0.0002118949	0.0472844892	0.7070812231	0.0060119874	0.7070812231	-0.0060119874
0.503753414	-0.0069977039	0.3203675034	0.5423861162	0.453647174	-0.4535850384	-0.5424777926	0.6136986267	0.0002118949	0.0472844892	0.7070812231	0.0060119874	0.7070812231	-0.0060119874
0.5037542873	-0.0069976734	0.3203657266	0.5423839852	0.4536474158	-0.4535852205	-0.5424795686	0.6136986267	0.0002118949	0.0472844892	0.7070812231	0.0060119874	0.7070812231	-0.0060119874
0.5037551624	-0.0069975491	0.3203661878	0.5423850805	0.4536488942	-0.4535864682	-0.542476194	0.6136986267	0.0002118949	0.0472844892	0.7070812231	0.0060119874	0.7070812231	-0.0060119874
0.5037559053	-0.00699735	0.3203682152	0.542381412	0.453650995	-0.4535883482	-0.5424765332	0.6136986267	0.0002118949	0.0472844892	0.7070812231	0.0060119874	0.7070812231	-0.0060119874
0.5037559468	-0.006996978	0.3203674051	0.5423836475	0.4536508608	-0.4535877498	-0.5424749107	0.6136986267	0.0002118949	0.0472844892	0.7070812231	0.0060119874	0.7070812231	-0.0060119874
0.5037563866	-0.0069970992	0.3203691211	0.5423812643	0.4536522416	-0.4535892621	-0.5424748742	0.6136986267	0.0002118949	0.0472844892	0.7070812231	0.0060119874	0.7070812231	-0.0060119874
0.5037561002	-0.006996794	0.32036768	0.5423827034	0.4536512986	-0.4535879813	-0.5424752948	0.6136986267	0.0002118949	0.0472844892	0.7070812231	0.0060119874	0.7070812231	-0.0060119874
0.5037563991	-0.0069970811	0.320368825	0.5423821765	0.4536521257	-0.4535891076	-0.5424741882	0.6136986267	0.0002118949	0.0472844892	0.7070812231	0.0060119874	0.7070812231	-0.0060119874
0.5037561894	-0.0069968894	0.3203680659	0.5423816886	0.4536515518	-0.4535883553	-0.5424757851	0.6136986267	0.0002118949	0.0472844892	0.7070812231	0.0060119874	0.7070812231	-0.0060119874
0.5037562934	-0.0069970712	0.3203682456	0.542383053	0.4536516992	-0.4535886688	-0.5424740356	0.6136986267	0.0002118949	0.0472844892	0.7070812231	0.0060119874	0.7070812231	-0.0060119874
0.5037563091	-0.0069970332	0.3203685962	0.5423809996	0.4536518977	-0.4535888654	-0.5424757581	0.6136986267	0.0002118949	0.0472844892	0.7070812231	0.0060119874	0.7070812231	-0.0060119874
0.503756182	-0.0069969962	0.3203677604	0.5423833868	0.453651344	-0.4535882373	-0.5424743596	0.6136986267	0.0002118949	0.0472844892	0.7070812231	0.0060119874	0.7070812231	-0.0060119874
0.5037564013	-0.0069971293	0.3203689392	0.5423810078	0.4536521455	-0.4535892103	-0.5424752544	0.6136986267	0.0002118949	0.0472844892	0.7070812231	0.0060119874	0.7070812231	-0.0060119874
0.5037561272	-0.0069969227	0.3203676021	0.5423830276	0.4536512252	-0.4535880493	-0.5424749753	0.6136986267	0.0002118949	0.0472844892	0.7070812231	0.0060119874	0.7070812231	-0.0060119874
0.5037564157	-0.006997157	0.3203688987	0.5423816571	0.4536521364	-0.453589217	-0.5424746072	0.6136986267	0.0002118949	0.0472844892	0.7070812231	0.0060119874	0.7070812231	-0.0060119874
0.503756156	-0.0069969152	0.3203678317	0.5423822061	0.4536513771	-0.4535882056	-0.5424755388	0.6136986267	0.0002118949	0.0472844892	0.7070812231	0.0060119874	0.7070812231	-0.0060119874
0.5037563499	-0.0069971182	0.3203685199	0.5423825393	0.4536518844	-0.4535889111	-0.5424741915	0.6136986267	0.0002118949	0.0472844892	0.7070812231	0.0060119874	0.7070812231	-0.0060119874
0.5037562483	-0.0069969774	0.3203682991	0.5423814029	0.4536516984	-0.453588602	-0.5424757419	0.6136986267	0.0002118949	0.0472844892	0.7070812231	0.0060119874	0.7070812231	-0.0060119874
0.5037562459	-0.0069970366	0.3203680348	0.5423831507	0.4536515467	-0.4535884816	-0.5424742218	0.6136986267	0.0002118949	0.0472844892	0.7070812231	0.0060119874	0.7070812231	-0.0060119874
0.503756349	-0.0069970667	0.3203687306	0.5423810645	0.4536520031	-0.4535890018	-0.5424754911	0.6136986267	0.0002118949	0.0472844892	0.7070812231	0.0060119874	0.7070812231	-0.0060119874
0.5037561637	-0.0069969566	0.3203677191	0.5423831713	0.4536513178	-0.4535881723	-0.5424746514	0.6136986267	0.0002118949	0.0472844892	0.7070812231	0.0060119874	0.7070812231	-0.0060119874
0.5037564016	-0.0069971297	0.3203688888	0.542381352	0.4536521239	-0.4535891814	-0.5424749524	0.6136986267	0.0002118949	0.0472844892	0.7070812231	0.0060119874	0.7070812231	-0.0060119874
0.5037561474	-0.0069969218	0.3203677371	0.5423826268	0.453651318	-0.4535881464	-0.5424752172	0.6136986267	0.0002118949	0.0472844892	0.7070812231	0.0060119874	0.7070812231	-0.0060119874
0.5037563799	-0.0069971332	0.3203687025	0.5423820669	0.453652005	-0.4535890546	-0.542474443	0.6136986267	0.0002118949	0.0472844892	0.7070812231	0.0060119874	0.7070812231	-0.0060119874
0.5037562022	-0.0069969491	0.3203680584	0.5423818531	0.4536515332	-0.4535884014	-0.5424755976	0.6136986267	0.0002118949	0.0472844892	0.7070812231	0.0060119874	0.7070812231	-0.0060119874
0.5037563007	-0.0069970794	0.3203682966	0.5423827854	0.4536517274	-0.4535887114	-0.5424742438	0.6136986267	0.0002118949	0.0472844892	0.7070812231	0.0060119874	0.7070812231	-0.0060119874
0.5037562934	-0.00699702	0.3203684864	0.5423812931	0.4536518309	-0.4535887792	-0.5424755926	0.6136986267	0.0002118949	0.0472844892	0.7070812231	0.0060119874	0.7070812231	-0.0060119874
0.5037562115	-0.006997002	0.3203679101	0.5423831086	0.4536514548	-0.4535883558	-0.542474446	0.6136986267	0.0002118949	0.0472844892	0.7070812231	0.0060119874	0.7070812231	-0.0060119874
0.5037563681	-0.0069970924	0.3203687769	0.542381245	0.4536520405	-0.4535890623	-0.5424752287	0.6136986267	0.0002118949	0.0472844892	0.7070812231	0.0060119874	0.7070812231	-0.0060119874
0.5037561622	-0.0069969451	0.3203677558	0.5423828823	0.4536513376	-0.4535881853	-0.5424749128	0.6136986267	0.0002118949	0.0472844892	0.7070812231	0.0060119874	0.7070812231	-0.0060119874
0.5037563856	-0.006997126	0.3203687769	0.5423817043	0.4536520509	-0.4535890991	-0.5424747301	0.6136986267	0.0002118949	0.0472844892	0.7070812231	0.0060119874	0.7070812231	-0.0060119874
0.5037561777	-0.0069969391	0.320367905	0.5423822658	0.4536514315	-0.453588283	-0.542475369	0.6136986267	0.0002118949	0.0472844892	0.7070812231	0.0060119874	0.7070812231	-0.0060119874
0.50375634	-0.0069971045	0.3203685044	0.5423823844	0.4536518689	-0.4535888845	-0.5424743817	0.6136986267	0.0002118949	0.0472844892	0.7070812231	0.0060119874	0.7070812231	-0.0060119874
0.5037562456	-0.0069969841	0.3203682564	0.5423816245	0.4536516716	-0.4535885786	-0.5424755622	0.6136986267	0.0002118949	0.0472844892	0.7070812231	0.0060119874	0.7070812231	-0.0060119874
0.5037562605	-0.0069970432	0.3203681277	0.542382894	0.4536516075	-0.4535885534	-0.5424743676	0.6136986267	0.0002118949	0.0472844892	0.7070812231	0.0060119874	0.7070812231	-0.0060119874
0.5037563249	-0.0069970521	0.3203686027	0.5423813159	0.4536519158	-0.4535888959	-0.5424754012	0.6136986267	0.0002118949	0.0472844892	0.7070812231	0.0060119874	0.7070812231	-0.0060119874
0.5037561932	-0.0069969787	0.320367862	0.5423829614	0.4536514165	-0.4535882965	-0.5424746748	0.6136986267	0.0002118949	0.0472844892	0.7070812231	0.0060119874	0.7070812231	-0.0060119874
0.5037563709	-0.0069971039	0.3203687519	0.5423814913	0.453652028	-0.4535890573	-0.5424749971	0.6136986267	0.0002118949	0.0472844892	0.7070812231	0.0060119874	0.7070812231	-0.0060119874
0.5037561746	-0.0069969468	0.3203678478	0.5423825766	0.4536513972	-0.4535882515	-0.5424751132	0.6136986267	0.0002118949	0.0472844892	0.7070812231	0.0060119874	0.7070812231	-0.0060119874
0.50375636	-0.0069971118	0.3203686332	0.5423820235	0.453651954	-0.4535889827	-0.5424745893	0.6136986267	0.0002118949	0.0472844892	0.7070812231	0.0060119874	0.7070812231	-0.0060119874
0.5037562121	-0.0069969633	0.3203680774	0.5423819807	0.45365155	-0.4535884305	-0.5424754316	0.6136986267	0.0002118949	0.0472844892	0.7070812231	0.0060119874	0.7070812231	-0.0060119874
0.5037563019	-0.006997074	0.3203683292	0.5423825947	0.4536517467	-0.4535887283	-0.5424744043	0.6136986267	0.0002118949	0.0472844892	0.7070812231	0.0060119874	0.7070812231	-0.0060119874
0.5037562816	-0.0069970161	0.3203684087	0.542381517	0.4536517797	-0.4535887205	-0.5424754607	0.6136986267	0.0002118949	0.0472844892	0.7070812231	0.0060119874	0.7070812231	-0.0060119874
0.5037562318	-0.0069970144	0.32036802	0.5423828856	0.4536515293	-0.4535884464	-0.5424745309	0.6136986267	0.0002118949	0.0472844892	0.7070812231	0.0060119874	0.7070812231	-0.0060119874
0.5037563423	-0.0069970736	0.3203686516	0.542381435	0.453651954	-0.4535889538	-0.5424752019	0.6136986267	0.0002118949	0.0472844892	0.7070812231	0.0060119874	0.7070812231	-0.0060119874
0.5037561892	-0.0069969675	0.3203678774	0.5423827526	0.4536514228	-0.4535882949	-0.5424748795	0.6136986267	0.0002118949	0.0472844892	0.7070812231	0.0060119874	0.7070812231	-0.0060119874
0.5037563612	-0.0069971036	0.3203686765	0.5423817569	0.4536519793	-0.4535890041	-0.5424748168	0.6136986267	0.0002118949	0.0472844892	0.7070812231	0.0060119874	0.7070812231	-0.0060119874
0.503756196	-0.0069969583	0.3203679701	0.5423822955	0.4536514795	-0.4535883498	-0.5424752433	0.6136986267	0.0002118949	0.0472844892	0.7070812231	0.0060119874	0.7070812231	-0.0060119874
0.5037563303	-0.0069970912	0.3203684831	0.5423822789	0.453651851	-0.4535888549	-0.5424745268	0.6136986267	0.0002118949	0.0472844892	0.7070812231	0.0060119874	0.7070812231	-0.0060119874
0.5037562455	-0.0069969897	0.3203682324	0.5423817875	0.453651658	-0.453588568	-0.5424754195	0.6136986267	0.0002118949	0.0472844892	0.7070812231	0.0060119874	0.7070812231	-0.0060119874
0.50375627	-0.0069970458	0.3203681923	0.5423826989	0.4536516499	-0.4535886015	-0.542474487	0.6136986267	0.0002118949	0.0472844892	0.7070812231	0.0060119874	0.7070812231	-0.0060119874
0.5037563076	-0.0069970418	0.3203685083	0.5423815136	0.4536518518	-0.4535888185	-0.5424753217	0.6136986267	0.0002118949	0.0472844892	0.7070812231	0.0060119874	0.7070812231	-0.0060119874
0.5037562154	-0.0069969948	0.3203679714	0.5423827904	0.4536514919	-0.4535883908	-0.5424747039	0.6136986267	0.0002118949	0.0472844892	0.7070812231	0.0060119874	0.7070812231	-0.0060119874
0.5037563471	-0.0069970845	0.3203686438	0.5423816117	0.4536519523	-0.4535889602	-0.5424750211	0.6136986267	0.0002118949	0.0472844892	0.7070812231	0.0060119874	0.7070812231	-0.0060119874
0.5037561965	-0.0069969667	0.3203679386	0.542382523	0.4536514619	-0.4535883369	-0.5424750414	0.6136986267	0.0002118949	0.0472844892	0.7070812231	0.0060119874	0.7070812231	-0.0060119874
0.5037563433	-0.0069970945	0.3203685724	0.5423820045	0.4536519095	-0.4535889211	-0.542474697	0.6136986267	0.0002118949	0.0472844892	0.7070812231	0.0060119874	0.7070812231	-0.0060119874
0.5037562215	-0.0069969756	0.3203681004	0.542382067	0.4536515687	-0.4535884601	-0.5424753049	0.6136986267	0.0002118949	0.0472844892	0.7070812231	0.0060119874	0.7070812231	-0.0060119874
0.5037563011	-0.0069970683	0.3203683464	0.5423824555	0.453651756	-0.4535887341	-0.5424745308	0.6136986267	0.0002118949	0.0472844892	0.7070812231	0.0060119874	0.7070812231	-0.0060119874
0.503756274	-0.0069970145	0.3203683553	0.5423816868	0.4536517448	-0.4535886813	-0.5424753528	0.6136986267	0.0002118949	0.0472844892	0.7070812231	0.0060119874	0.7070812231	-0.0060119874
0.5037562464	-0.0069970228	0.3203681008	0.542382711	0.4536515839	-0.4535885122	-0.5424746048	0.6136986267	0.0002118949	0.0472844892	0.7070812231	0.0060119874	0.7070812231	-0.0060119874
0.5037563231	-0.0069970598	0.320368556	0.5423815889	0.4536518882	-0.4535888717	-0.5424751716	0.6136986267	0.0002118949	0.0472844892	0.7070812231	0.0060119874	0.7070812231	-0.0060119874
0.5037562101	-0.0069969844	0.3203679731	0.5423826415	0.4536514897	-0.4535883805	-0.5424748632	0.6136986267	0.0002118949	0.0472844892	0.7070812231	0.0060119874	0.7070812231	-0.0060119874
0.5037563417	-0.0069970861	0.3203685945	0.5423818104	0.4536519211	-0.4535889274	-0.5424748761	0.6136986267	0.0002118949	0.0472844892	0.7070812231	0.0060119874	0.7070812231	-0.0060119874
